<?xml version="1.0" encoding="UTF-8"?>
<book>
  <bookData>
    <dpi>300</dpi>
    <bookId>rsdebate.nic.in.323151</bookId>
    <leafCount>2</leafCount>
    <scanDataVersion>5</scanDataVersion>
  </bookData>
  <pageData>
    <page leafNum="0">
      <pageType>Normal</pageType>
      <addToAccessFormats>true</addToAccessFormats>
      <origWidth>1835</origWidth>
      <origHeight>2894</origHeight>
      <cropBox>
        <x>0</x>
        <y>0</y>
        <w>1835</w>
        <h>2894</h>
      </cropBox>
      <ppi>300</ppi>
      <bookStart>true</bookStart>
      <pageNumber>98</pageNumber>
    </page>
    <page leafNum="1">
      <pageType>Normal</pageType>
      <addToAccessFormats>true</addToAccessFormats>
      <origWidth>1835</origWidth>
      <origHeight>2894</origHeight>
      <cropBox>
        <x>0</x>
        <y>0</y>
        <w>1835</w>
        <h>2894</h>
      </cropBox>
      <ppi>300</ppi>
      <pageNumber>99</pageNumber>
    </page>
  </pageData>
</book>