<?xml version="1.0" encoding="UTF-8"?>
<!DOCTYPE DjVuXML>
<DjVuXML>
 <BODY>
  <OBJECT data="file://localhost/var/tmp/autoclean/derive/rsdebate.nic.in.323151/IQ_138_28041986_U524_p98_p99.djvu" type="image/x.djvu" usemap="IQ_138_28041986_U524_p98_p99_0000.djvu" width="1835" height="2894">
   <PARAM name="PAGE" value="IQ_138_28041986_U524_p98_p99_0000.djvu"/>
   <PARAM name="DPI" value="300"/>
   <HIDDENTEXT>
    <PAGECOLUMN>
     <REGION>
      <PARAGRAPH>
       <LINE>
        <WORD coords="148,213,212,176" x-confidence="50">oF</WORD>
       </LINE>
      </PARAGRAPH>
     </REGION>
    </PAGECOLUMN>
    <PAGECOLUMN>
     <REGION>
      <PARAGRAPH>
       <LINE>
        <WORD coords="325,199,460,169" x-confidence="96">Written</WORD>
        <WORD coords="478,198,628,169" x-confidence="96">Answers</WORD>
       </LINE>
      </PARAGRAPH>
     </REGION>
    </PAGECOLUMN>
    <PAGECOLUMN>
     <REGION>
      <PARAGRAPH>
       <LINE>
        <WORD coords="727,260,765,241" x-confidence="39">a</WORD>
       </LINE>
      </PARAGRAPH>
     </REGION>
    </PAGECOLUMN>
    <PAGECOLUMN>
     <REGION>
      <PARAGRAPH>
       <LINE x-struct="textfloat">
        <WORD coords="178,320,224,286" x-confidence="89">(c)</WORD>
        <WORD coords="253,315,280,285" x-confidence="96">if</WORD>
        <WORD coords="301,325,344,292" x-confidence="96">so,</WORD>
        <WORD coords="368,315,422,286" x-confidence="96">the</WORD>
        <WORD coords="444,314,556,284" x-confidence="96">details</WORD>
        <WORD coords="579,318,747,282" x-confidence="96">regarding</WORD>
        <WORD coords="768,312,823,282" x-confidence="97">the</WORD>
       </LINE>
      </PARAGRAPH>
     </REGION>
    </PAGECOLUMN>
    <PAGECOLUMN>
     <REGION>
      <PARAGRAPH>
       <LINE>
        <WORD coords="765,358,818,330" x-confidence="96">the</WORD>
       </LINE>
       <LINE>
        <WORD coords="749,404,817,382" x-confidence="96">cars</WORD>
       </LINE>
      </PARAGRAPH>
     </REGION>
    </PAGECOLUMN>
    <PAGECOLUMN>
     <REGION>
      <PARAGRAPH>
       <LINE>
        <WORD coords="131,359,209,332" x-confidence="96">total</WORD>
        <WORD coords="235,365,423,331" x-confidence="96">production</WORD>
        <WORD coords="451,359,485,332" x-confidence="96">of</WORD>
        <WORD coords="511,359,565,330" x-confidence="96">the</WORD>
        <WORD coords="591,361,659,337" x-confidence="94">cars</WORD>
        <WORD coords="686,357,719,330" x-confidence="95">in</WORD>
       </LINE>
       <LINE>
        <WORD coords="130,417,264,379" x-confidence="96">country</WORD>
        <WORD coords="294,405,356,377" x-confidence="96">and</WORD>
        <WORD coords="385,404,439,376" x-confidence="94">the</WORD>
        <WORD coords="487,409,621,376" x-confidence="96">number</WORD>
        <WORD coords="669,409,702,381" x-confidence="92">of</WORD>
       </LINE>
       <LINE>
        <WORD coords="135,451,241,422" x-confidence="96">which</WORD>
        <WORD coords="266,450,325,429" x-confidence="96">can</WORD>
        <WORD coords="350,452,389,423" x-confidence="96">be</WORD>
        <WORD coords="418,455,581,420" x-confidence="96">exported;</WORD>
        <WORD coords="608,451,669,421" x-confidence="96">and</WORD>
       </LINE>
      </PARAGRAPH>
     </REGION>
    </PAGECOLUMN>
    <PAGECOLUMN>
     <REGION>
      <PARAGRAPH>
       <LINE>
        <WORD coords="178,530,228,493" x-confidence="92">(d)</WORD>
        <WORD coords="263,521,406,492" x-confidence="96">whether</WORD>
        <WORD coords="436,521,526,491" x-confidence="96">there</WORD>
        <WORD coords="555,520,608,500" x-confidence="91">are</WORD>
        <WORD coords="658,524,720,498" x-confidence="91">any</WORD>
        <WORD coords="748,519,821,499" x-confidence="91">con-</WORD>
       </LINE>
       <LINE>
        <WORD coords="136,567,221,540" x-confidence="96">crete</WORD>
        <WORD coords="248,575,414,540" x-confidence="88">proposals</WORD>
        <WORD coords="436,569,470,548" x-confidence="96">or</WORD>
        <WORD coords="497,565,591,536" x-confidence="96">offers</WORD>
        <WORD coords="618,564,668,537" x-confidence="95">for</WORD>
        <WORD coords="695,570,823,537" x-confidence="96">exports</WORD>
       </LINE>
       <LINE>
        <WORD coords="137,612,170,584" x-confidence="95">of</WORD>
        <WORD coords="195,615,262,593" x-confidence="96">cars</WORD>
        <WORD coords="287,611,319,583" x-confidence="96">to</WORD>
        <WORD coords="345,615,435,582" x-confidence="95">other</WORD>
        <WORD coords="460,621,627,581" x-confidence="96">countries,</WORD>
        <WORD coords="651,610,676,581" x-confidence="96">if</WORD>
        <WORD coords="700,621,743,589" x-confidence="87">su,</WORD>
        <WORD coords="769,608,823,580" x-confidence="96">the</WORD>
       </LINE>
       <LINE>
        <WORD coords="138,658,250,628" x-confidence="96">details</WORD>
        <WORD coords="275,657,415,627" x-confidence="96">thereof?</WORD>
       </LINE>
      </PARAGRAPH>
     </REGION>
    </PAGECOLUMN>
    <PAGECOLUMN>
     <REGION>
      <PARAGRAPH>
       <LINE>
        <WORD coords="172,738,253,709" x-confidence="96">THE</WORD>
        <WORD coords="281,738,476,709" x-confidence="96">MINISTER</WORD>
        <WORD coords="506,737,558,709" x-confidence="95">OF</WORD>
        <WORD coords="605,737,732,709" x-confidence="91">STATE</WORD>
        <WORD coords="780,736,822,708" x-confidence="91">IN</WORD>
       </LINE>
       <LINE>
        <WORD coords="137,785,216,754" x-confidence="95">THE</WORD>
        <WORD coords="248,782,524,753" x-confidence="96">DEPARTMENT</WORD>
        <WORD coords="576,781,627,753" x-confidence="13">OF</WORD>
        <WORD coords="680,781,820,752" x-confidence="13"> INDUS-</WORD>
       </LINE>
       <LINE>
        <WORD coords="138,827,260,800" x-confidence="93">TRIAL</WORD>
        <WORD coords="292,826,597,798" x-confidence="95">DEVELOPMENT</WORD>
        <WORD coords="634,827,743,796" x-confidence="90">(SHRI</WORD>
        <WORD coords="777,824,818,797" x-confidence="90">M.</WORD>
       </LINE>
       <LINE>
        <WORD coords="138,882,473,837" x-confidence="90">ARUNACHALAM)</WORD>
        <WORD coords="553,873,600,842" x-confidence="82">(a)</WORD>
        <WORD coords="659,869,822,842" x-confidence="82">Sufficient</WORD>
       </LINE>
       <LINE>
        <WORD coords="139,922,282,887" x-confidence="94">capacity</WORD>
        <WORD coords="313,915,369,888" x-confidence="96">has</WORD>
        <WORD coords="399,914,480,887" x-confidence="93">been</WORD>
        <WORD coords="511,920,648,887" x-confidence="82">licenseq</WORD>
        <WORD coords="681,913,713,886" x-confidence="16">in</WORD>
        <WORD coords="763,913,826,885" x-confidence="92">this</WORD>
       </LINE>
       <LINE>
        <WORD coords="136,963,237,935" x-confidence="95">sector</WORD>
        <WORD coords="262,960,293,935" x-confidence="95">to</WORD>
        <WORD coords="320,962,403,933" x-confidence="96">meet</WORD>
        <WORD coords="426,961,479,933" x-confidence="96">the</WORD>
        <WORD coords="503,966,664,932" x-confidence="96">projected</WORD>
        <WORD coords="689,960,824,930" x-confidence="96">demand</WORD>
       </LINE>
       <LINE>
        <WORD coords="140,1007,175,980" x-confidence="96">of</WORD>
        <WORD coords="199,1014,368,983" x-confidence="96">passenger</WORD>
        <WORD coords="393,1007,461,984" x-confidence="96">cars</WORD>
        <WORD coords="485,1006,518,978" x-confidence="96">in</WORD>
        <WORD coords="544,1006,599,975" x-confidence="96">the</WORD>
        <WORD coords="623,1009,765,975" x-confidence="96">country.</WORD>
       </LINE>
      </PARAGRAPH>
     </REGION>
    </PAGECOLUMN>
    <PAGECOLUMN>
     <REGION>
      <PARAGRAPH>
       <LINE>
        <WORD coords="182,1085,232,1048" x-confidence="90">(b)</WORD>
        <WORD coords="260,1078,292,1047" x-confidence="93">to</WORD>
        <WORD coords="321,1078,371,1047" x-confidence="89">(d)</WORD>
        <WORD coords="398,1078,470,1045" x-confidence="96">Yes,</WORD>
        <WORD coords="493,1074,551,1046" x-confidence="90">Sir.</WORD>
        <WORD coords="575,1074,692,1045" x-confidence="94">Maruti</WORD>
        <WORD coords="715,1078,826,1044" x-confidence="96">Udyog</WORD>
       </LINE>
       <LINE>
        <WORD coords="135,1119,203,1091" x-confidence="96">Ltd.</WORD>
        <WORD coords="232,1124,358,1092" x-confidence="96">expects</WORD>
        <WORD coords="385,1119,418,1092" x-confidence="95">to</WORD>
        <WORD coords="443,1123,556,1091" x-confidence="93">export</WORD>
        <WORD coords="582,1125,600,1105" x-confidence="91">g</WORD>
        <WORD coords="624,1119,687,1091" x-confidence="42">few</WORD>
        <WORD coords="731,1117,823,1089" x-confidence="84">thou-</WORD>
       </LINE>
       <LINE>
        <WORD coords="139,1165,218,1137" x-confidence="95">sand</WORD>
        <WORD coords="246,1165,324,1143" x-confidence="95">cars.</WORD>
        <WORD coords="363,1165,430,1135" x-confidence="96">The</WORD>
        <WORD coords="460,1163,541,1134" x-confidence="95">total</WORD>
        <WORD coords="571,1168,760,1133" x-confidence="96">production</WORD>
        <WORD coords="793,1160,825,1131" x-confidence="96">of</WORD>
       </LINE>
       <LINE>
        <WORD coords="138,1211,205,1189" x-confidence="92">cars</WORD>
        <WORD coords="235,1214,349,1180" x-confidence="95">during</WORD>
        <WORD coords="386,1209,505,1180" x-confidence="96">1985-86</WORD>
        <WORD coords="534,1210,590,1179" x-confidence="96">has</WORD>
        <WORD coords="619,1209,699,1179" x-confidence="96">been</WORD>
        <WORD coords="729,1208,825,1179" x-confidence="96">about</WORD>
       </LINE>
       <LINE>
        <WORD coords="139,1253,189,1225" x-confidence="88">103</WORD>
        <WORD coords="218,1253,384,1226" x-confidence="92">thousand.</WORD>
       </LINE>
      </PARAGRAPH>
     </REGION>
    </PAGECOLUMN>
    <PAGECOLUMN>
     <REGION>
      <PARAGRAPH>
       <LINE>
        <WORD coords="133,1326,305,1293" x-confidence="96">Prototype</WORD>
        <WORD coords="330,1325,561,1292" x-confidence="96">Development</WORD>
        <WORD coords="587,1321,649,1291" x-confidence="96">and</WORD>
        <WORD coords="676,1325,825,1290" x-confidence="96">Training</WORD>
       </LINE>
       <LINE>
        <WORD coords="116,1376,126,1333" x-confidence="17">हा</WORD>
        <WORD coords="286,1366,403,1336" x-confidence="95">Centre</WORD>
        <WORD coords="432,1363,466,1335" x-confidence="93">in</WORD>
        <WORD coords="496,1370,688,1336" x-confidence="93">Hyderabad</WORD>
       </LINE>
      </PARAGRAPH>
     </REGION>
    </PAGECOLUMN>
    <PAGECOLUMN>
     <REGION>
      <PARAGRAPH>
       <LINE>
        <WORD coords="177,1448,238,1420" x-confidence="86">522.</WORD>
        <WORD coords="273,1449,366,1418" x-confidence="93">SHRI</WORD>
        <WORD coords="399,1447,433,1420" x-confidence="85">B.</WORD>
        <WORD coords="484,1449,823,1418" x-confidence="91">SATYANARAYAN</WORD>
       </LINE>
       <LINE>
        <WORD coords="142,1499,291,1465" x-confidence="96">REDDY:</WORD>
        <WORD coords="316,1494,389,1464" x-confidence="90">Will</WORD>
        <WORD coords="407,1494,461,1464" x-confidence="96">the</WORD>
        <WORD coords="476,1493,623,1463" x-confidence="95">Minister</WORD>
        <WORD coords="639,1493,673,1466" x-confidence="93">of</WORD>
        <WORD coords="690,1493,829,1462" x-confidence="91">INDUS-</WORD>
       </LINE>
       <LINE>
        <WORD coords="140,1539,221,1509" x-confidence="96">TRY</WORD>
        <WORD coords="244,1541,284,1512" x-confidence="96">be</WORD>
        <WORD coords="310,1544,437,1510" x-confidence="44">pleased</WORD>
        <WORD coords="461,1541,492,1510" x-confidence="96">to</WORD>
        <WORD coords="517,1539,608,1508" x-confidence="96">state:</WORD>
       </LINE>
      </PARAGRAPH>
     </REGION>
    </PAGECOLUMN>
    <PAGECOLUMN>
     <REGION>
      <PARAGRAPH>
       <LINE>
        <WORD coords="182,1626,231,1593" x-confidence="95">(a)</WORD>
        <WORD coords="260,1621,402,1590" x-confidence="96">whether</WORD>
        <WORD coords="426,1619,444,1599" x-confidence="95">a</WORD>
        <WORD coords="468,1625,614,1590" x-confidence="96">proposal</WORD>
        <WORD coords="637,1621,687,1592" x-confidence="96">for</WORD>
        <WORD coords="710,1624,827,1591" x-confidence="96">setting</WORD>
       </LINE>
       <LINE>
        <WORD coords="142,1672,185,1644" x-confidence="96">up</WORD>
        <WORD coords="216,1666,251,1638" x-confidence="96">of</WORD>
        <WORD coords="281,1670,453,1635" x-confidence="96">Prototype</WORD>
        <WORD coords="481,1668,707,1635" x-confidence="95">development</WORD>
        <WORD coords="761,1662,824,1633" x-confidence="95">and</WORD>
       </LINE>
       <LINE>
        <WORD coords="140,1719,281,1681" x-confidence="96">training</WORD>
        <WORD coords="309,1709,417,1683" x-confidence="94">centre</WORD>
        <WORD coords="459,1718,517,1681" x-confidence="94">for</WORD>
        <WORD coords="564,1712,747,1679" x-confidence="93">electronics</WORD>
        <WORD coords="796,1707,829,1681" x-confidence="80">at</WORD>
       </LINE>
       <LINE>
        <WORD coords="136,1757,361,1722" x-confidence="87">-Kushaiguda,</WORD>
        <WORD coords="384,1759,584,1723" x-confidence="96">Hyderabad,</WORD>
        <WORD coords="607,1752,738,1723" x-confidence="96">Andhra</WORD>
        <WORD coords="759,1751,832,1724" x-confidence="38">Pra.</WORD>
       </LINE>
       <LINE>
        <WORD coords="141,1804,217,1770" x-confidence="92">desh</WORD>
        <WORD coords="248,1799,273,1771" x-confidence="96">is</WORD>
        <WORD coords="304,1801,405,1770" x-confidence="96">under</WORD>
        <WORD coords="434,1801,665,1770" x-confidence="95">consideration</WORD>
        <WORD coords="696,1800,728,1772" x-confidence="87">of</WORD>
        <WORD coords="776,1797,829,1769" x-confidence="87">the</WORD>
       </LINE>
       <LINE>
        <WORD coords="144,1844,362,1813" x-confidence="96">Government</WORD>
        <WORD coords="386,1845,471,1813" x-confidence="96">since</WORD>
        <WORD coords="495,1845,579,1817" x-confidence="96">June</WORD>
        <WORD coords="606,1847,688,1813" x-confidence="96">1978;</WORD>
       </LINE>
      </PARAGRAPH>
     </REGION>
    </PAGECOLUMN>
    <PAGECOLUMN>
     <REGION>
      <PARAGRAPH>
       <LINE>
        <WORD coords="184,1930,234,1898" x-confidence="92">(b)</WORD>
        <WORD coords="264,1929,409,1897" x-confidence="96">whether</WORD>
        <WORD coords="433,1925,457,1897" x-confidence="95">it</WORD>
        <WORD coords="482,1925,508,1896" x-confidence="92">is</WORD>
        <WORD coords="533,1930,551,1909" x-confidence="89">q</WORD>
        <WORD coords="574,1926,638,1897" x-confidence="96">fact</WORD>
        <WORD coords="662,1924,731,1897" x-confidence="91">that</WORD>
        <WORD coords="774,1925,829,1897" x-confidence="91">the</WORD>
       </LINE>
       <LINE>
        <WORD coords="141,1971,356,1941" x-confidence="95">Government</WORD>
        <WORD coords="386,1970,420,1941" x-confidence="95">of</WORD>
        <WORD coords="446,1970,576,1940" x-confidence="96">Andhra</WORD>
        <WORD coords="606,1969,744,1941" x-confidence="96">Pradesh</WORD>
        <WORD coords="772,1969,828,1941" x-confidence="96">has</WORD>
       </LINE>
       <LINE>
        <WORD coords="143,2025,272,1987" x-confidence="96">already</WORD>
        <WORD coords="304,2020,454,1986" x-confidence="95">acquired</WORD>
        <WORD coords="486,2013,519,1986" x-confidence="95">23</WORD>
        <WORD coords="553,2014,639,1993" x-confidence="95">acres</WORD>
        <WORD coords="672,2014,705,1987" x-confidence="95">of</WORD>
        <WORD coords="754,2013,829,1984" x-confidence="88">land</WORD>
       </LINE>
       <LINE>
        <WORD coords="140,2059,191,2031" x-confidence="96">for</WORD>
        <WORD coords="212,2067,328,2030" x-confidence="96">setting</WORD>
        <WORD coords="350,2068,390,2040" x-confidence="96">up</WORD>
        <WORD coords="412,2063,474,2030" x-confidence="96">this</WORD>
        <WORD coords="495,2059,602,2031" x-confidence="96">centre</WORD>
        <WORD coords="622,2063,683,2036" x-confidence="96">ang</WORD>
        <WORD coords="704,2058,830,2028" x-confidence="96">handed</WORD>
       </LINE>
       <LINE>
        <WORD coords="142,2105,217,2082" x-confidence="93">over</WORD>
        <WORD coords="243,2105,297,2076" x-confidence="96">the</WORD>
        <WORD coords="319,2107,405,2083" x-confidence="96">same</WORD>
        <WORD coords="428,2104,459,2076" x-confidence="96">to</WORD>
        <WORD coords="482,2102,536,2075" x-confidence="96">the</WORD>
        <WORD coords="559,2106,708,2074" x-confidence="85">Nationa]</WORD>
        <WORD coords="730,2102,830,2074" x-confidence="95">Small</WORD>
       </LINE>
       <LINE>
        <WORD coords="142,2148,314,2118" x-confidence="94">Industries</WORD>
        <WORD coords="346,2152,553,2119" x-confidence="94">Corporation</WORD>
        <WORD coords="584,2149,618,2121" x-confidence="95">in</WORD>
        <WORD coords="652,2151,733,2118" x-confidence="95">1975;</WORD>
        <WORD coords="767,2146,829,2117" x-confidence="96">and</WORD>
       </LINE>
      </PARAGRAPH>
     </REGION>
    </PAGECOLUMN>
    <PAGECOLUMN>
     <REGION>
      <PARAGRAPH>
       <LINE>
        <WORD coords="185,2232,231,2202" x-confidence="91">(c)</WORD>
        <WORD coords="262,2229,287,2198" x-confidence="95">if</WORD>
        <WORD coords="312,2229,354,2209" x-confidence="73">so.</WORD>
        <WORD coords="379,2228,433,2200" x-confidence="96">the</WORD>
        <WORD coords="459,2233,546,2200" x-confidence="96">stage</WORD>
        <WORD coords="572,2226,604,2200" x-confidence="96">at</WORD>
        <WORD coords="628,2228,731,2198" x-confidence="94">which</WORD>
        <WORD coords="775,2226,831,2199" x-confidence="94">the</WORD>
       </LINE>
       <LINE>
        <WORD coords="140,2276,256,2247" x-confidence="95">matter</WORD>
        <WORD coords="282,2272,307,2245" x-confidence="96">is</WORD>
        <WORD coords="334,2283,454,2244" x-confidence="96">resting</WORD>
        <WORD coords="479,2271,511,2245" x-confidence="96">at</WORD>
        <WORD coords="536,2284,663,2244" x-confidence="96">present</WORD>
        <WORD coords="689,2272,751,2244" x-confidence="96">and</WORD>
        <WORD coords="776,2269,830,2242" x-confidence="96">the</WORD>
       </LINE>
       <LINE>
        <WORD coords="141,2321,269,2297" x-confidence="96">reasons</WORD>
        <WORD coords="297,2318,348,2289" x-confidence="96">for</WORD>
        <WORD coords="374,2324,468,2289" x-confidence="96">delay</WORD>
        <WORD coords="494,2316,526,2289" x-confidence="96">in</WORD>
        <WORD coords="555,2326,666,2286" x-confidence="95">taking</WORD>
        <WORD coords="697,2330,717,2282" x-confidence="95">a</WORD>
        <WORD coords="755,2315,832,2287" x-confidence="94">final</WORD>
       </LINE>
       <LINE>
        <WORD coords="139,2362,277,2332" x-confidence="96">decision</WORD>
        <WORD coords="302,2361,350,2334" x-confidence="96">for</WORD>
        <WORD coords="378,2365,495,2332" x-confidence="96">setting</WORD>
        <WORD coords="520,2369,564,2341" x-confidence="96">up</WORD>
        <WORD coords="589,2363,622,2337" x-confidence="96">of</WORD>
        <WORD coords="645,2362,699,2333" x-confidence="93">the</WORD>
        <WORD coords="724,2365,829,2332" x-confidence="84">proto-</WORD>
       </LINE>
       <LINE>
        <WORD coords="147,2411,223,2378" x-confidence="95">type</WORD>
        <WORD coords="274,2409,498,2376" x-confidence="92">development</WORD>
        <WORD coords="566,2403,630,2374" x-confidence="14">and</WORD>
        <WORD coords="692,2407,833,2374" x-confidence="77">training</WORD>
       </LINE>
       <LINE>
        <WORD coords="141,2449,249,2423" x-confidence="96">centre</WORD>
        <WORD coords="275,2448,324,2421" x-confidence="96">for</WORD>
        <WORD coords="350,2450,534,2420" x-confidence="96">electronics</WORD>
        <WORD coords="559,2448,591,2420" x-confidence="93">at</WORD>
        <WORD coords="615,2453,830,2417" x-confidence="92">Kushaiguda,</WORD>
       </LINE>
       <LINE>
        <WORD coords="141,2497,349,2463" x-confidence="96">Hyderabad?</WORD>
       </LINE>
      </PARAGRAPH>
     </REGION>
    </PAGECOLUMN>
    <PAGECOLUMN>
     <REGION>
      <PARAGRAPH>
       <LINE>
        <WORD coords="180,2559,262,2531" x-confidence="95">THE</WORD>
        <WORD coords="289,2559,486,2530" x-confidence="96">MINISTER</WORD>
        <WORD coords="533,2559,585,2531" x-confidence="96">OF</WORD>
        <WORD coords="614,2559,740,2529" x-confidence="93">STATE</WORD>
        <WORD coords="786,2558,831,2530" x-confidence="95">IN</WORD>
       </LINE>
      </PARAGRAPH>
     </REGION>
    </PAGECOLUMN>
    <PAGECOLUMN>
     <REGION>
      <PARAGRAPH>
       <LINE>
        <WORD coords="101,2593,105,2590" x-confidence="89">-</WORD>
        <WORD coords="131,2604,229,2572" x-confidence="58">&quot;THE</WORD>
        <WORD coords="252,2604,530,2572" x-confidence="96">DEPARTMENT</WORD>
        <WORD coords="573,2601,626,2572" x-confidence="93">OF</WORD>
        <WORD coords="669,2600,835,2572" x-confidence="90">INDUST-</WORD>
       </LINE>
       <LINE>
        <WORD coords="119,2651,251,2617" x-confidence="0">‘RIAL</WORD>
        <WORD coords="282,2647,585,2617" x-confidence="81">DEVELOPMENT</WORD>
        <WORD coords="640,2649,760,2617" x-confidence="52">I(SHRI</WORD>
        <WORD coords="791,2644,833,2616" x-confidence="91">M.</WORD>
       </LINE>
       <LINE>
        <WORD coords="146,2698,502,2663" x-confidence="81">ARUNACHALAM).</WORD>
        <WORD coords="562,2693,610,2663" x-confidence="92">(a)</WORD>
        <WORD coords="665,2692,726,2665" x-confidence="11">and</WORD>
        <WORD coords="780,2694,831,2663" x-confidence="91">(9)</WORD>
       </LINE>
      </PARAGRAPH>
     </REGION>
    </PAGECOLUMN>
    <PAGECOLUMN>
     <REGION>
      <PARAGRAPH>
       <LINE>
        <WORD coords="143,2751,216,2707" x-confidence="94">Yes,</WORD>
        <WORD coords="245,2738,303,2708" x-confidence="94">Sir.</WORD>
       </LINE>
       <LINE>
        <WORD coords="200,2822,203,2779" x-confidence="73">|</WORD>
        <WORD coords="351,2819,356,2809" x-confidence="68">A</WORD>
       </LINE>
      </PARAGRAPH>
     </REGION>
    </PAGECOLUMN>
    <PAGECOLUMN>
     <REGION>
      <PARAGRAPH>
       <LINE x-struct="textfloat">
        <WORD coords="726,204,737,171" x-confidence="90">{</WORD>
        <WORD coords="752,201,788,170" x-confidence="96">28</WORD>
        <WORD coords="806,200,929,169" x-confidence="96">APRIL</WORD>
        <WORD coords="948,205,1044,170" x-confidence="93">1986</WORD>
        <WORD coords="1031,214,1047,165" x-confidence="82">]</WORD>
       </LINE>
      </PARAGRAPH>
     </REGION>
    </PAGECOLUMN>
    <PAGECOLUMN>
     <REGION>
      <PARAGRAPH>
       <LINE>
        <WORD coords="1178,201,1211,175" x-confidence="95">to</WORD>
        <WORD coords="1224,209,1398,173" x-confidence="95">Questions</WORD>
        <WORD coords="1552,216,1592,176" x-confidence="95">98</WORD>
       </LINE>
       <LINE>
        <WORD coords="951,255,956,252" x-confidence="20">=</WORD>
        <WORD coords="1046,267,1070,255" x-confidence="32">कक</WORD>
        <WORD coords="1082,267,1086,263" x-confidence="32">2</WORD>
        <WORD coords="1094,267,1158,246" x-confidence="2">कम</WORD>
        <WORD coords="1144,276,1164,242" x-confidence="0">मत</WORD>
        <WORD coords="1182,268,1186,266" x-confidence="48">ae</WORD>
        <WORD coords="1230,264,1254,247" x-confidence="17">et</WORD>
        <WORD coords="1350,264,1374,252" x-confidence="31">ना</WORD>
        <WORD coords="1422,264,1454,246" x-confidence="5">अप</WORD>
        <WORD coords="1502,257,1506,253" x-confidence="34">x</WORD>
        <WORD coords="1587,276,1592,264" x-confidence="64">+</WORD>
       </LINE>
       <LINE>
        <WORD coords="981,318,1028,282" x-confidence="90">(0)</WORD>
        <WORD coords="1060,314,1130,280" x-confidence="96">The</WORD>
        <WORD coords="1158,321,1305,286" x-confidence="96">proposal</WORD>
        <WORD coords="1335,320,1398,285" x-confidence="94">hag</WORD>
        <WORD coords="1448,317,1528,288" x-confidence="62">been</WORD>
        <WORD coords="1580,320,1627,297" x-confidence="72">re-</WORD>
       </LINE>
       <LINE>
        <WORD coords="934,359,1041,328" x-confidence="94">ferred</WORD>
        <WORD coords="1073,359,1105,331" x-confidence="94">to</WORD>
        <WORD coords="1136,359,1190,330" x-confidence="96">the</WORD>
        <WORD coords="1221,367,1380,330" x-confidence="96">Planning</WORD>
        <WORD coords="1411,362,1621,332" x-confidence="95">Commission</WORD>
       </LINE>
       <LINE>
        <WORD coords="934,405,1008,372" x-confidence="96">who</WORD>
        <WORD coords="1035,405,1118,374" x-confidence="95">have</WORD>
        <WORD coords="1162,410,1328,376" x-confidence="95">suggested</WORD>
        <WORD coords="1356,414,1427,378" x-confidence="73">thay</WORD>
        <WORD coords="1473,405,1505,385" x-confidence="96">as</WORD>
        <WORD coords="1534,408,1624,379" x-confidence="96">there</WORD>
       </LINE>
       <LINE>
        <WORD coords="934,449,1019,425" x-confidence="96">were</WORD>
        <WORD coords="1047,447,1063,427" x-confidence="96">a</WORD>
        <WORD coords="1092,449,1225,421" x-confidence="96">number</WORD>
        <WORD coords="1254,450,1287,424" x-confidence="95">of</WORD>
        <WORD coords="1313,450,1434,421" x-confidence="95">similar</WORD>
        <WORD coords="1460,457,1621,425" x-confidence="96">proposals</WORD>
       </LINE>
       <LINE>
        <WORD coords="935,491,997,464" x-confidence="94">and</WORD>
        <WORD coords="1023,495,1056,464" x-confidence="94">in</WORD>
        <WORD coords="1082,494,1175,465" x-confidence="96">order</WORD>
        <WORD coords="1201,493,1232,467" x-confidence="95">to</WORD>
        <WORD coords="1258,497,1350,467" x-confidence="96">avoid</WORD>
        <WORD coords="1376,501,1568,467" x-confidence="94">duplication</WORD>
        <WORD coords="1597,496,1623,469" x-confidence="94">it</WORD>
       </LINE>
       <LINE>
        <WORD coords="935,538,1042,509" x-confidence="96">would</WORD>
        <WORD coords="1067,538,1105,510" x-confidence="96">be</WORD>
        <WORD coords="1130,541,1286,510" x-confidence="96">desirable</WORD>
        <WORD coords="1309,538,1335,510" x-confidence="96">if</WORD>
        <WORD coords="1359,539,1376,520" x-confidence="96">a</WORD>
        <WORD coords="1399,544,1481,513" x-confidence="96">view</WORD>
        <WORD coords="1506,541,1547,521" x-confidence="96">on</WORD>
        <WORD coords="1568,542,1623,512" x-confidence="96">the</WORD>
       </LINE>
       <LINE>
        <WORD coords="934,581,1061,553" x-confidence="96">various</WORD>
        <WORD coords="1083,589,1244,556" x-confidence="92">proposals</WORD>
        <WORD coords="1265,592,1290,561" x-confidence="95">jg</WORD>
        <WORD coords="1313,587,1409,557" x-confidence="96">taken</WORD>
        <WORD coords="1430,585,1463,558" x-confidence="95">in</WORD>
        <WORD coords="1485,585,1502,565" x-confidence="93">a</WORD>
        <WORD coords="1524,585,1622,560" x-confidence="91">meet-</WORD>
       </LINE>
       <LINE>
        <WORD coords="935,630,989,597" x-confidence="96">ing</WORD>
        <WORD coords="1015,628,1047,599" x-confidence="95">to</WORD>
        <WORD coords="1073,628,1110,600" x-confidence="96">be</WORD>
        <WORD coords="1137,631,1299,603" x-confidence="96">convened</WORD>
        <WORD coords="1324,641,1366,602" x-confidence="95">by</WORD>
        <WORD coords="1392,630,1446,600" x-confidence="92">the</WORD>
        <WORD coords="1489,636,1622,601" x-confidence="91">Depart-</WORD>
       </LINE>
       <LINE>
        <WORD coords="935,671,1023,644" x-confidence="96">ment</WORD>
        <WORD coords="1055,674,1088,647" x-confidence="96">of</WORD>
        <WORD coords="1114,674,1314,644" x-confidence="96">Electronics.</WORD>
       </LINE>
      </PARAGRAPH>
     </REGION>
    </PAGECOLUMN>
    <PAGECOLUMN>
     <REGION>
      <PARAGRAPH>
       <LINE>
        <WORD coords="938,763,1084,721" x-confidence="93">Product,</WORD>
        <WORD coords="1105,758,1215,723" x-confidence="78">gesign</WORD>
        <WORD coords="1235,759,1298,729" x-confidence="95">and</WORD>
        <WORD coords="1317,761,1542,727" x-confidence="95">development</WORD>
        <WORD coords="1561,758,1623,731" x-confidence="95">and</WORD>
       </LINE>
       <LINE>
        <WORD coords="974,799,1094,768" x-confidence="44">service</WORD>
        <WORD coords="1116,804,1223,772" x-confidence="95">centre</WORD>
        <WORD coords="1242,805,1274,773" x-confidence="75">in</WORD>
        <WORD coords="1294,801,1427,772" x-confidence="95">Andhra</WORD>
        <WORD coords="1446,802,1587,774" x-confidence="95">Pradesh</WORD>
       </LINE>
      </PARAGRAPH>
     </REGION>
    </PAGECOLUMN>
    <PAGECOLUMN>
     <REGION>
      <PARAGRAPH>
       <LINE>
        <WORD coords="976,868,1038,837" x-confidence="94">523,</WORD>
        <WORD coords="1062,868,1157,840" x-confidence="66">SHRI</WORD>
        <WORD coords="1203,871,1237,843" x-confidence="66">B.</WORD>
        <WORD coords="1284,872,1622,841" x-confidence="90">SATYANARAYAN</WORD>
       </LINE>
       <LINE>
        <WORD coords="938,915,1088,881" x-confidence="90">REDDY:</WORD>
        <WORD coords="1147,913,1219,885" x-confidence="91">Will</WORD>
        <WORD coords="1248,917,1302,886" x-confidence="95">the</WORD>
        <WORD coords="1332,918,1475,887" x-confidence="96">Minister</WORD>
        <WORD coords="1505,916,1538,889" x-confidence="93">of</WORD>
        <WORD coords="1567,917,1622,889" x-confidence="91">IN-</WORD>
       </LINE>
       <LINE>
        <WORD coords="939,956,1100,925" x-confidence="96">DUSTRY</WORD>
        <WORD coords="1123,957,1161,929" x-confidence="96">be</WORD>
        <WORD coords="1187,963,1315,930" x-confidence="96">pleased</WORD>
        <WORD coords="1340,961,1370,935" x-confidence="95">to</WORD>
        <WORD coords="1395,964,1486,934" x-confidence="95">state:</WORD>
       </LINE>
      </PARAGRAPH>
     </REGION>
    </PAGECOLUMN>
    <PAGECOLUMN>
     <REGION>
      <PARAGRAPH>
       <LINE>
        <WORD coords="973,1032,1021,993" x-confidence="96">(a)</WORD>
        <WORD coords="1053,1028,1196,998" x-confidence="96">whether</WORD>
        <WORD coords="1222,1027,1246,997" x-confidence="96">it</WORD>
        <WORD coords="1272,1029,1297,1001" x-confidence="96">is</WORD>
        <WORD coords="1323,1029,1341,1009" x-confidence="95">a</WORD>
        <WORD coords="1365,1030,1431,1000" x-confidence="96">fact</WORD>
        <WORD coords="1456,1030,1527,1001" x-confidence="92">that</WORD>
        <WORD coords="1570,1033,1624,1003" x-confidence="92">the</WORD>
       </LINE>
       <LINE>
        <WORD coords="938,1071,1154,1036" x-confidence="96">Government</WORD>
        <WORD coords="1183,1069,1217,1042" x-confidence="96">of</WORD>
        <WORD coords="1243,1070,1377,1043" x-confidence="96">Andhra</WORD>
        <WORD coords="1405,1073,1546,1044" x-confidence="90">Pradesh</WORD>
        <WORD coords="1573,1073,1624,1053" x-confidence="90">re-</WORD>
       </LINE>
       <LINE>
        <WORD coords="939,1115,1071,1085" x-confidence="96">quested</WORD>
        <WORD coords="1100,1116,1154,1087" x-confidence="95">the</WORD>
        <WORD coords="1184,1119,1313,1086" x-confidence="75">Central]</WORD>
        <WORD coords="1342,1119,1559,1088" x-confidence="96">Government</WORD>
        <WORD coords="1591,1118,1622,1090" x-confidence="96">in</WORD>
       </LINE>
       <LINE>
        <WORD coords="938,1160,1021,1126" x-confidence="96">June</WORD>
        <WORD coords="1047,1158,1117,1130" x-confidence="96">1982</WORD>
        <WORD coords="1140,1161,1191,1134" x-confidence="96">for</WORD>
        <WORD coords="1212,1161,1264,1131" x-confidence="96">the</WORD>
        <WORD coords="1287,1164,1527,1130" x-confidence="96">establishment</WORD>
        <WORD coords="1548,1162,1582,1134" x-confidence="96">of</WORD>
        <WORD coords="1606,1163,1623,1144" x-confidence="94">a</WORD>
       </LINE>
       <LINE>
        <WORD coords="941,1207,1013,1172" x-confidence="87">fielq</WORD>
        <WORD coords="1040,1205,1158,1173" x-confidence="96">station</WORD>
        <WORD coords="1187,1204,1238,1176" x-confidence="96">for</WORD>
        <WORD coords="1264,1211,1399,1178" x-confidence="96">product</WORD>
        <WORD coords="1427,1213,1536,1178" x-confidence="94">design</WORD>
        <WORD coords="1563,1208,1625,1180" x-confidence="96">and</WORD>
       </LINE>
       <LINE>
        <WORD coords="940,1256,1167,1216" x-confidence="0">devclosment</WORD>
        <WORD coords="1199,1249,1260,1222" x-confidence="95">and</WORD>
        <WORD coords="1295,1251,1418,1221" x-confidence="96">service</WORD>
        <WORD coords="1450,1259,1558,1224" x-confidence="95">centre</WORD>
        <WORD coords="1591,1252,1623,1226" x-confidence="96">at</WORD>
       </LINE>
       <LINE>
        <WORD coords="941,1301,1182,1261" x-confidence="95">Rajahmundry</WORD>
        <WORD coords="1228,1294,1260,1265" x-confidence="95">in</WORD>
        <WORD coords="1307,1296,1440,1265" x-confidence="55">Andhra</WORD>
        <WORD coords="1485,1298,1624,1267" x-confidence="55">Pradesh</WORD>
       </LINE>
       <LINE>
        <WORD coords="943,1337,1044,1307" x-confidence="96">under</WORD>
        <WORD coords="1075,1341,1127,1310" x-confidence="96">the</WORD>
        <WORD coords="1158,1344,1359,1316" x-confidence="96">programme</WORD>
        <WORD coords="1390,1340,1424,1312" x-confidence="87">of</WORD>
        <WORD coords="1455,1344,1625,1313" x-confidence="87">assistance</WORD>
       </LINE>
       <LINE>
        <WORD coords="942,1383,1025,1351" x-confidence="92">from</WORD>
        <WORD coords="1049,1391,1314,1353" x-confidence="88">UNDP|UNIDO;</WORD>
       </LINE>
      </PARAGRAPH>
     </REGION>
    </PAGECOLUMN>
    <PAGECOLUMN>
     <REGION>
      <PARAGRAPH>
       <LINE>
        <WORD coords="982,1458,1032,1420" x-confidence="80">(b)</WORD>
        <WORD coords="1060,1457,1204,1423" x-confidence="86">whether</WORD>
        <WORD coords="1253,1460,1458,1425" x-confidence="37">the’scheme</WORD>
        <WORD coords="1482,1457,1509,1429" x-confidence="36">is</WORD>
        <WORD coords="1559,1458,1625,1426" x-confidence="77">still</WORD>
       </LINE>
       <LINE>
        <WORD coords="941,1507,1087,1467" x-confidence="69">jPending</WORD>
        <WORD coords="1117,1497,1197,1468" x-confidence="95">with</WORD>
        <WORD coords="1225,1503,1285,1467" x-confidence="23">fhe</WORD>
        <WORD coords="1317,1502,1449,1469" x-confidence="92">Central</WORD>
        <WORD coords="1478,1501,1623,1470" x-confidence="90">Govern-</WORD>
       </LINE>
       <LINE>
        <WORD coords="942,1545,1029,1518" x-confidence="96">ment</WORD>
        <WORD coords="1059,1545,1110,1517" x-confidence="93">for</WORD>
        <WORD coords="1136,1549,1310,1512" x-confidence="46">dlearance:</WORD>
        <WORD coords="1339,1549,1403,1521" x-confidence="79">ang</WORD>
       </LINE>
      </PARAGRAPH>
      <PARAGRAPH>
       <LINE>
        <WORD coords="982,1604,1029,1571" x-confidence="91">(c)</WORD>
        <WORD coords="1060,1599,1086,1571" x-confidence="96">if</WORD>
        <WORD coords="1108,1607,1150,1581" x-confidence="96">so,</WORD>
        <WORD coords="1174,1601,1227,1572" x-confidence="96">the</WORD>
        <WORD coords="1252,1606,1380,1571" x-confidence="96">present</WORD>
        <WORD coords="1404,1608,1492,1574" x-confidence="95">stage</WORD>
        <WORD coords="1516,1605,1550,1573" x-confidence="96">of</WORD>
        <WORD coords="1572,1603,1626,1574" x-confidence="96">the</WORD>
       </LINE>
       <LINE>
        <WORD coords="944,1648,1059,1616" x-confidence="95">matter</WORD>
        <WORD coords="1088,1645,1151,1618" x-confidence="96">and</WORD>
        <WORD coords="1179,1644,1234,1617" x-confidence="96">the</WORD>
        <WORD coords="1263,1650,1340,1617" x-confidence="96">time</WORD>
        <WORD coords="1369,1651,1413,1617" x-confidence="96">by</WORD>
        <WORD coords="1441,1647,1546,1618" x-confidence="96">which</WORD>
        <WORD coords="1573,1647,1626,1620" x-confidence="96">the</WORD>
       </LINE>
       <LINE>
        <WORD coords="943,1692,1068,1660" x-confidence="95">scheme</WORD>
        <WORD coords="1092,1689,1159,1661" x-confidence="95">will</WORD>
        <WORD coords="1181,1689,1220,1662" x-confidence="96">be</WORD>
        <WORD coords="1246,1692,1370,1663" x-confidence="96">cleared</WORD>
        <WORD coords="1393,1702,1437,1664" x-confidence="96">by</WORD>
        <WORD coords="1458,1691,1511,1662" x-confidence="96">the</WORD>
        <WORD coords="1535,1693,1625,1665" x-confidence="84">Cent:</WORD>
       </LINE>
       <LINE>
        <WORD coords="942,1732,991,1705" x-confidence="80">ral</WORD>
        <WORD coords="1020,1735,1256,1706" x-confidence="88">Government?</WORD>
       </LINE>
      </PARAGRAPH>
     </REGION>
    </PAGECOLUMN>
    <PAGECOLUMN>
     <REGION>
      <PARAGRAPH>
       <LINE>
        <WORD coords="980,1806,1060,1774" x-confidence="96">THE</WORD>
        <WORD coords="1104,1806,1300,1776" x-confidence="96">MINISTER</WORD>
        <WORD coords="1342,1809,1393,1777" x-confidence="96">OF</WORD>
        <WORD coords="1416,1808,1541,1777" x-confidence="95">STATE</WORD>
        <WORD coords="1585,1807,1628,1779" x-confidence="92">IN</WORD>
       </LINE>
      </PARAGRAPH>
     </REGION>
    </PAGECOLUMN>
    <PAGECOLUMN>
     <REGION>
      <PARAGRAPH>
       <LINE>
        <WORD coords="941,1850,1021,1820" x-confidence="96">THE</WORD>
        <WORD coords="1045,1850,1323,1821" x-confidence="96">DEPARTMENT</WORD>
        <WORD coords="1366,1851,1419,1824" x-confidence="92">OF</WORD>
        <WORD coords="1462,1851,1628,1820" x-confidence="90">INDUST-</WORD>
       </LINE>
       <LINE>
        <WORD coords="943,1897,1041,1864" x-confidence="91">RIAL</WORD>
        <WORD coords="1071,1895,1374,1866" x-confidence="96">DEVELOPMENT</WORD>
        <WORD coords="1426,1901,1537,1867" x-confidence="82">(SHRI</WORD>
        <WORD coords="1586,1895,1628,1869" x-confidence="82">M.</WORD>
       </LINE>
       <LINE>
        <WORD coords="946,1943,1295,1909" x-confidence="90">ARUNACHALAM):</WORD>
        <WORD coords="1361,1944,1416,1912" x-confidence="91">(a)</WORD>
        <WORD coords="1463,1940,1527,1912" x-confidence="48">and</WORD>
        <WORD coords="1591,1944,1628,1912" x-confidence="79">(b</WORD>
       </LINE>
      </PARAGRAPH>
     </REGION>
    </PAGECOLUMN>
    <PAGECOLUMN>
     <REGION>
      <PARAGRAPH>
       <LINE>
        <WORD coords="943,1985,1013,1955" x-confidence="96">Yes,</WORD>
        <WORD coords="1040,1987,1098,1957" x-confidence="76">Sir.</WORD>
        <WORD coords="1124,1985,1151,1959" x-confidence="96">A</WORD>
        <WORD coords="1177,1990,1325,1961" x-confidence="24">proposal</WORD>
        <WORD coords="1348,1983,1399,1957" x-confidence="96">for</WORD>
        <WORD coords="1423,1991,1628,1956" x-confidence="95">establishing</WORD>
       </LINE>
       <LINE>
        <WORD coords="944,2028,963,2009" x-confidence="95">a</WORD>
        <WORD coords="986,2030,1124,2000" x-confidence="94">Product</WORD>
        <WORD coords="1171,2036,1288,2001" x-confidence="95">Design</WORD>
        <WORD coords="1313,2030,1375,2003" x-confidence="96">and</WORD>
        <WORD coords="1399,2035,1630,2000" x-confidence="96">Development</WORD>
       </LINE>
       <LINE>
        <WORD coords="944,2074,1006,2046" x-confidence="96">and</WORD>
        <WORD coords="1036,2074,1163,2046" x-confidence="96">Service</WORD>
        <WORD coords="1199,2075,1315,2046" x-confidence="96">Centre</WORD>
        <WORD coords="1347,2075,1379,2048" x-confidence="92">at</WORD>
        <WORD coords="1410,2081,1629,2047" x-confidence="86">Rajamundry</WORD>
       </LINE>
       <LINE>
        <WORD coords="943,2120,1009,2098" x-confidence="64">was</WORD>
        <WORD coords="1034,2124,1178,2092" x-confidence="90">received</WORD>
        <WORD coords="1225,2122,1309,2090" x-confidence="94">from</WORD>
        <WORD coords="1331,2123,1386,2091" x-confidence="96">the</WORD>
        <WORD coords="1411,2121,1630,2093" x-confidence="96">Government</WORD>
       </LINE>
       <LINE>
        <WORD coords="944,2162,980,2136" x-confidence="96">of</WORD>
        <WORD coords="1008,2163,1139,2135" x-confidence="96">Andhra</WORD>
        <WORD coords="1173,2162,1321,2135" x-confidence="95">Pradesh.</WORD>
        <WORD coords="1383,2164,1449,2136" x-confidence="93">The</WORD>
        <WORD coords="1480,2167,1626,2134" x-confidence="95">proposal</WORD>
       </LINE>
       <LINE>
        <WORD coords="940,2210,1008,2185" x-confidence="95">was</WORD>
        <WORD coords="1031,2206,1216,2178" x-confidence="96">considered</WORD>
        <WORD coords="1240,2209,1299,2179" x-confidence="96">but</WORD>
        <WORD coords="1321,2211,1415,2179" x-confidence="96">could</WORD>
        <WORD coords="1437,2208,1492,2182" x-confidence="96">not</WORD>
        <WORD coords="1517,2205,1556,2179" x-confidence="91">be</WORD>
        <WORD coords="1580,2207,1627,2188" x-confidence="91">ac-</WORD>
       </LINE>
       <LINE>
        <WORD coords="945,2251,1164,2221" x-confidence="75">commodated</WORD>
        <WORD coords="1183,2252,1285,2223" x-confidence="96">under</WORD>
        <WORD coords="1305,2254,1358,2223" x-confidence="96">the</WORD>
        <WORD coords="1378,2256,1578,2229" x-confidence="94">programme</WORD>
        <WORD coords="1598,2251,1631,2222" x-confidence="94">cf</WORD>
       </LINE>
       <LINE>
        <WORD coords="945,2295,1115,2267" x-confidence="96">assistance</WORD>
        <WORD coords="1141,2295,1224,2267" x-confidence="95">from</WORD>
        <WORD coords="1249,2295,1371,2266" x-confidence="96">UNDP.</WORD>
       </LINE>
      </PARAGRAPH>
     </REGION>
    </PAGECOLUMN>
    <PAGECOLUMN>
     <REGION>
      <PARAGRAPH>
       <LINE>
        <WORD coords="979,2356,1025,2324" x-confidence="77">(९)</WORD>
        <WORD coords="1057,2353,1139,2326" x-confidence="96">Does</WORD>
        <WORD coords="1165,2358,1220,2331" x-confidence="95">not</WORD>
        <WORD coords="1245,2353,1335,2325" x-confidence="96">arise.</WORD>
        <WORD coords="1553,2353,1597,2342" x-confidence="26">ee</WORD>
       </LINE>
      </PARAGRAPH>
     </REGION>
    </PAGECOLUMN>
    <PAGECOLUMN>
     <REGION>
      <PARAGRAPH>
       <LINE>
        <WORD coords="948,2429,1203,2389" x-confidence="19">Rehabllitating</WORD>
        <WORD coords="1234,2419,1304,2391" x-confidence="93">sick</WORD>
        <WORD coords="1332,2426,1507,2390" x-confidence="14">Indngtrial</WORD>
        <WORD coords="1536,2419,1632,2390" x-confidence="96">Units</WORD>
       </LINE>
      </PARAGRAPH>
     </REGION>
    </PAGECOLUMN>
    <PAGECOLUMN>
     <REGION>
      <PARAGRAPH>
       <LINE>
        <WORD coords="983,2490,1045,2460" x-confidence="93">524,</WORD>
        <WORD coords="1076,2489,1171,2461" x-confidence="90">SHRI</WORD>
        <WORD coords="1264,2498,1460,2455" x-confidence="91">GURUDAS</WORD>
        <WORD coords="1552,2490,1633,2461" x-confidence="95">DAS</WORD>
       </LINE>
       <LINE>
        <WORD coords="946,2535,1095,2503" x-confidence="96">GUPTA:</WORD>
        <WORD coords="1152,2533,1229,2504" x-confidence="86">Wilt</WORD>
        <WORD coords="1257,2535,1311,2505" x-confidence="96">the</WORD>
        <WORD coords="1339,2532,1485,2504" x-confidence="96">Minister</WORD>
        <WORD coords="1512,2534,1546,2504" x-confidence="93">of</WORD>
        <WORD coords="1578,2531,1631,2504" x-confidence="92">IN-</WORD>
       </LINE>
       <LINE>
        <WORD coords="948,2578,1111,2547" x-confidence="96">DUSTRY</WORD>
        <WORD coords="1140,2579,1179,2548" x-confidence="95">be</WORD>
        <WORD coords="1210,2581,1341,2548" x-confidence="96">pleased</WORD>
        <WORD coords="1371,2577,1406,2551" x-confidence="96">to</WORD>
        <WORD coords="1436,2577,1528,2548" x-confidence="96">state:</WORD>
       </LINE>
      </PARAGRAPH>
     </REGION>
    </PAGECOLUMN>
    <PAGECOLUMN>
     <REGION>
      <PARAGRAPH>
       <LINE>
        <WORD coords="990,2652,1038,2617" x-confidence="96">(a)</WORD>
        <WORD coords="1067,2645,1212,2618" x-confidence="96">whether</WORD>
        <WORD coords="1239,2643,1261,2618" x-confidence="95">it</WORD>
        <WORD coords="1286,2649,1313,2622" x-confidence="95">is</WORD>
        <WORD coords="1341,2646,1360,2627" x-confidence="96">a</WORD>
        <WORD coords="1385,2645,1451,2617" x-confidence="96">fact</WORD>
        <WORD coords="1478,2644,1548,2616" x-confidence="93">that</WORD>
        <WORD coords="1572,2645,1633,2617" x-confidence="90">Re-</WORD>
       </LINE>
       <LINE>
        <WORD coords="946,2691,1039,2667" x-confidence="96">serve</WORD>
        <WORD coords="1061,2689,1153,2661" x-confidence="96">Bank</WORD>
        <WORD coords="1176,2687,1210,2660" x-confidence="96">of</WORD>
        <WORD coords="1232,2690,1320,2661" x-confidence="96">India</WORD>
        <WORD coords="1341,2689,1398,2660" x-confidence="75">has</WORD>
        <WORD coords="1419,2692,1591,2658" x-confidence="93">submitted</WORD>
        <WORD coords="1613,2687,1631,2667" x-confidence="96">a</WORD>
       </LINE>
       <LINE>
        <WORD coords="949,2733,1024,2705" x-confidence="96">note</WORD>
        <WORD coords="1044,2733,1077,2706" x-confidence="96">to</WORD>
        <WORD coords="1098,2736,1149,2706" x-confidence="63">his</WORD>
        <WORD coords="1166,2744,1315,2703" x-confidence="96">Ministry</WORD>
        <WORD coords="1336,2737,1378,2715" x-confidence="96">on</WORD>
        <WORD coords="1398,2736,1454,2704" x-confidence="96">the</WORD>
        <WORD coords="1475,2736,1632,2703" x-confidence="96">approach</WORD>
       </LINE>
      </PARAGRAPH>
     </REGION>
    </PAGECOLUMN>
   </HIDDENTEXT>
  </OBJECT>
  <MAP name="IQ_138_28041986_U524_p98_p99_0000.djvu"/>
  <OBJECT data="file://localhost/var/tmp/autoclean/derive/rsdebate.nic.in.323151/IQ_138_28041986_U524_p98_p99.djvu" type="image/x.djvu" usemap="IQ_138_28041986_U524_p98_p99_0001.djvu" width="1835" height="2894">
   <PARAM name="PAGE" value="IQ_138_28041986_U524_p98_p99_0001.djvu"/>
   <PARAM name="DPI" value="300"/>
   <HIDDENTEXT>
    <PAGECOLUMN>
     <REGION>
      <PARAGRAPH>
       <LINE>
        <WORD coords="388,186,521,156" x-confidence="95">Written</WORD>
        <WORD coords="548,186,696,156" x-confidence="77">Answers</WORD>
       </LINE>
      </PARAGRAPH>
     </REGION>
    </PAGECOLUMN>
    <PAGECOLUMN>
     <REGION>
      <PARAGRAPH>
       <LINE>
        <WORD coords="239,199,282,167" x-confidence="96">99</WORD>
       </LINE>
      </PARAGRAPH>
     </REGION>
    </PAGECOLUMN>
    <PAGECOLUMN>
     <REGION>
      <PARAGRAPH>
       <LINE>
        <WORD coords="207,269,243,242" x-confidence="93">of</WORD>
        <WORD coords="292,271,511,242" x-confidence="92">Government</WORD>
        <WORD coords="561,272,625,241" x-confidence="92">and</WORD>
        <WORD coords="674,272,894,243" x-confidence="96">Government</WORD>
       </LINE>
       <LINE>
        <WORD coords="208,320,356,288" x-confidence="96">agencies</WORD>
        <WORD coords="381,321,552,286" x-confidence="96">regarding</WORD>
        <WORD coords="577,323,813,286" x-confidence="96">rehabilitating</WORD>
        <WORD coords="842,318,897,290" x-confidence="96">the</WORD>
       </LINE>
       <LINE>
        <WORD coords="209,361,285,330" x-confidence="96">Sick</WORD>
        <WORD coords="311,361,482,331" x-confidence="96">Industrial</WORD>
        <WORD coords="507,365,613,331" x-confidence="96">Units;</WORD>
       </LINE>
      </PARAGRAPH>
     </REGION>
    </PAGECOLUMN>
    <PAGECOLUMN>
     <REGION>
      <PARAGRAPH>
       <LINE>
        <WORD coords="258,447,308,415" x-confidence="90">(b)</WORD>
        <WORD coords="340,442,364,415" x-confidence="93">if</WORD>
        <WORD coords="391,449,432,423" x-confidence="91">80,</WORD>
       </LINE>
       <LINE>
        <WORD coords="210,492,349,459" x-confidence="71">thereof:</WORD>
       </LINE>
      </PARAGRAPH>
     </REGION>
    </PAGECOLUMN>
    <PAGECOLUMN>
     <REGION>
      <PARAGRAPH>
       <LINE>
        <WORD coords="486,445,573,414" x-confidence="96">what</WORD>
        <WORD coords="601,444,655,422" x-confidence="96">are</WORD>
       </LINE>
       <LINE>
        <WORD coords="546,498,561,478" x-confidence="65">1</WORD>
        <WORD coords="587,502,635,472" x-confidence="26">85४</WORD>
       </LINE>
      </PARAGRAPH>
     </REGION>
    </PAGECOLUMN>
    <PAGECOLUMN>
     <REGION>
      <PARAGRAPH>
       <LINE>
        <WORD coords="707,448,760,416" x-confidence="96">the</WORD>
        <WORD coords="788,446,901,415" x-confidence="96">details</WORD>
       </LINE>
      </PARAGRAPH>
     </REGION>
    </PAGECOLUMN>
    <PAGECOLUMN>
     <REGION>
      <PARAGRAPH>
       <LINE>
        <WORD coords="260,576,307,544" x-confidence="91">(०)</WORD>
        <WORD coords="336,572,480,543" x-confidence="95">whether</WORD>
        <WORD coords="506,575,725,542" x-confidence="96">Government</WORD>
        <WORD coords="748,573,831,545" x-confidence="93">have</WORD>
        <WORD coords="857,573,905,553" x-confidence="85">8९०</WORD>
       </LINE>
       <LINE>
        <WORD coords="220,621,334,589" x-confidence="96">cepted</WORD>
        <WORD coords="359,616,413,589" x-confidence="96">the</WORD>
        <WORD coords="439,622,599,588" x-confidence="96">approach</WORD>
        <WORD coords="626,617,768,588" x-confidence="96">outlined</WORD>
        <WORD coords="792,623,828,595" x-confidence="95">jn</WORD>
        <WORD coords="852,621,906,589" x-confidence="96">the</WORD>
       </LINE>
       <LINE>
        <WORD coords="219,661,291,633" x-confidence="96">said</WORD>
        <WORD coords="315,666,400,632" x-confidence="96">note;</WORD>
        <WORD coords="429,663,492,634" x-confidence="96">and</WORD>
       </LINE>
      </PARAGRAPH>
     </REGION>
    </PAGECOLUMN>
    <PAGECOLUMN>
     <REGION>
      <PARAGRAPH>
       <LINE>
        <WORD coords="263,747,314,716" x-confidence="91">(d)</WORD>
        <WORD coords="346,748,372,720" x-confidence="96">if</WORD>
        <WORD coords="398,752,463,717" x-confidence="96">not,</WORD>
        <WORD coords="492,747,581,717" x-confidence="96">what</WORD>
        <WORD coords="611,747,667,723" x-confidence="96">are</WORD>
        <WORD coords="694,745,750,716" x-confidence="95">the</WORD>
        <WORD coords="777,746,907,724" x-confidence="96">reasons</WORD>
       </LINE>
       <LINE>
        <WORD coords="222,789,383,761" x-confidence="96">therefor?</WORD>
       </LINE>
      </PARAGRAPH>
     </REGION>
    </PAGECOLUMN>
    <PAGECOLUMN>
     <REGION>
      <PARAGRAPH>
       <LINE>
        <WORD coords="261,888,342,857" x-confidence="95">THE</WORD>
        <WORD coords="385,885,581,856" x-confidence="96">MINISTER</WORD>
        <WORD coords="622,889,675,857" x-confidence="95">OF</WORD>
        <WORD coords="696,887,826,856" x-confidence="95">STATE</WORD>
        <WORD coords="867,886,909,858" x-confidence="95">IN</WORD>
       </LINE>
       <LINE>
        <WORD coords="223,930,305,902" x-confidence="95">THE</WORD>
        <WORD coords="330,931,607,900" x-confidence="94">DEPARTMENT</WORD>
        <WORD coords="663,930,717,901" x-confidence="93">OF</WORD>
        <WORD coords="745,930,911,901" x-confidence="91">INDUST-</WORD>
       </LINE>
       <LINE>
        <WORD coords="226,975,324,948" x-confidence="92">RIAL</WORD>
        <WORD coords="366,978,668,946" x-confidence="96">DEVELOPMENT</WORD>
        <WORD coords="715,978,827,946" x-confidence="91">(SHRI</WORD>
        <WORD coords="867,975,910,948" x-confidence="90">M.</WORD>
       </LINE>
       <LINE>
        <WORD coords="226,1024,576,989" x-confidence="90">ARUNACHALAM):</WORD>
        <WORD coords="630,1024,678,991" x-confidence="93">(a)</WORD>
        <WORD coords="708,1027,764,993" x-confidence="96">No,</WORD>
        <WORD coords="790,1025,851,990" x-confidence="96">Sir,</WORD>
       </LINE>
      </PARAGRAPH>
      <PARAGRAPH>
       <LINE>
        <WORD coords="268,1069,320,1037" x-confidence="91">(b)</WORD>
        <WORD coords="351,1065,384,1039" x-confidence="94">to</WORD>
        <WORD coords="415,1068,467,1036" x-confidence="73">(ad)</WORD>
        <WORD coords="500,1064,550,1036" x-confidence="96">Do</WORD>
        <WORD coords="575,1066,634,1040" x-confidence="96">not</WORD>
        <WORD coords="660,1064,748,1036" x-confidence="96">arise.</WORD>
       </LINE>
      </PARAGRAPH>
     </REGION>
    </PAGECOLUMN>
    <PAGECOLUMN>
     <REGION>
      <PARAGRAPH>
       <LINE>
        <WORD coords="292,1147,392,1117" x-confidence="91">Lohia</WORD>
        <WORD coords="418,1149,582,1116" x-confidence="94">Machines</WORD>
        <WORD coords="608,1160,688,1118" x-confidence="69">Ltd.,</WORD>
        <WORD coords="716,1152,850,1121" x-confidence="96">Kanpur</WORD>
       </LINE>
      </PARAGRAPH>
     </REGION>
    </PAGECOLUMN>
    <PAGECOLUMN>
     <REGION>
      <PARAGRAPH>
       <LINE>
        <WORD coords="266,1234,329,1203" x-confidence="95">525,</WORD>
        <WORD coords="352,1233,446,1203" x-confidence="96">SHRI</WORD>
        <WORD coords="470,1231,539,1202" x-confidence="93">BIR</WORD>
        <WORD coords="560,1232,732,1202" x-confidence="91">BHADRA</WORD>
        <WORD coords="752,1231,917,1201" x-confidence="96">PRATAP</WORD>
       </LINE>
       <LINE>
        <WORD coords="230,1281,368,1247" x-confidence="95">SINGH:</WORD>
        <WORD coords="421,1278,495,1247" x-confidence="95">Will</WORD>
        <WORD coords="519,1279,574,1248" x-confidence="95">the</WORD>
        <WORD coords="600,1279,744,1246" x-confidence="96">Minister</WORD>
        <WORD coords="774,1275,809,1248" x-confidence="92">of</WORD>
        <WORD coords="861,1275,917,1247" x-confidence="81">IN-</WORD>
       </LINE>
       <LINE>
        <WORD coords="230,1322,394,1291" x-confidence="96">DUSTRY</WORD>
        <WORD coords="419,1320,459,1292" x-confidence="96">be</WORD>
        <WORD coords="484,1327,615,1292" x-confidence="96">pleased</WORD>
        <WORD coords="639,1320,672,1293" x-confidence="96">to</WORD>
        <WORD coords="699,1325,792,1293" x-confidence="92">state:</WORD>
       </LINE>
      </PARAGRAPH>
     </REGION>
    </PAGECOLUMN>
    <PAGECOLUMN>
     <REGION>
      <PARAGRAPH>
       <LINE>
        <WORD coords="270,1411,319,1377" x-confidence="96">(a)</WORD>
        <WORD coords="347,1410,490,1376" x-confidence="96">whether</WORD>
        <WORD coords="516,1408,542,1377" x-confidence="95">it</WORD>
        <WORD coords="565,1411,593,1376" x-confidence="96">is</WORD>
        <WORD coords="617,1405,638,1383" x-confidence="95">a</WORD>
        <WORD coords="662,1409,729,1375" x-confidence="96">fact</WORD>
        <WORD coords="755,1406,827,1375" x-confidence="96">that</WORD>
        <WORD coords="849,1408,906,1374" x-confidence="96">the</WORD>
       </LINE>
       <LINE>
        <WORD coords="230,1451,329,1422" x-confidence="92">Lohia</WORD>
        <WORD coords="350,1454,512,1421" x-confidence="69">Machines</WORD>
        <WORD coords="534,1460,681,1419" x-confidence="96">Limited,</WORD>
        <WORD coords="703,1455,837,1422" x-confidence="96">Kanpur</WORD>
        <WORD coords="859,1450,918,1421" x-confidence="96">has</WORD>
       </LINE>
       <LINE>
        <WORD coords="231,1496,386,1465" x-confidence="29">cdllected</WORD>
        <WORD coords="412,1503,511,1464" x-confidence="96">about</WORD>
        <WORD coords="538,1497,590,1466" x-confidence="76">Fs,</WORD>
        <WORD coords="620,1494,673,1465" x-confidence="96">115</WORD>
        <WORD coords="702,1495,806,1472" x-confidence="96">crores</WORD>
        <WORD coords="833,1497,919,1468" x-confidence="96">from</WORD>
       </LINE>
       <LINE>
        <WORD coords="232,1542,288,1512" x-confidence="96">the</WORD>
        <WORD coords="311,1546,418,1510" x-confidence="94">public</WORD>
        <WORD coords="445,1545,570,1509" x-confidence="94">against</WORD>
        <WORD coords="595,1545,734,1509" x-confidence="96">booking</WORD>
        <WORD coords="758,1538,792,1510" x-confidence="96">of</WORD>
        <WORD coords="815,1545,920,1510" x-confidence="96">Vespa</WORD>
       </LINE>
       <LINE>
        <WORD coords="232,1587,291,1555" x-confidence="72">SME</WORD>
        <WORD coords="321,1586,467,1556" x-confidence="88">Seooters</WORD>
        <WORD coords="494,1589,528,1566" x-confidence="91">as</WORD>
        <WORD coords="555,1585,661,1554" x-confidence="95">initial</WORD>
        <WORD coords="688,1590,820,1555" x-confidence="96">deposit;</WORD>
       </LINE>
      </PARAGRAPH>
     </REGION>
    </PAGECOLUMN>
    <PAGECOLUMN>
     <REGION>
      <PARAGRAPH>
       <LINE>
        <WORD coords="276,1674,328,1640" x-confidence="92">(b)</WORD>
        <WORD coords="362,1668,506,1638" x-confidence="96">whether</WORD>
        <WORD coords="534,1671,590,1644" x-confidence="96">out</WORD>
        <WORD coords="616,1668,651,1639" x-confidence="96">of</WORD>
        <WORD coords="676,1671,730,1639" x-confidence="96">the</WORD>
        <WORD coords="757,1667,922,1638" x-confidence="96">collection</WORD>
       </LINE>
       <LINE>
        <WORD coords="235,1717,256,1695" x-confidence="82">a</WORD>
        <WORD coords="280,1715,353,1694" x-confidence="82">sum</WORD>
        <WORD coords="380,1714,413,1685" x-confidence="95">of</WORD>
        <WORD coords="439,1716,528,1692" x-confidence="95">more</WORD>
        <WORD coords="555,1716,634,1684" x-confidence="96">than</WORD>
        <WORD coords="664,1717,715,1686" x-confidence="95">Rs,</WORD>
        <WORD coords="744,1712,787,1684" x-confidence="96">9.1</WORD>
        <WORD coords="815,1712,923,1690" x-confidence="85">crores</WORD>
       </LINE>
       <LINE>
        <WORD coords="236,1758,299,1729" x-confidence="96">had</WORD>
        <WORD coords="323,1758,405,1731" x-confidence="96">been</WORD>
        <WORD coords="426,1763,503,1729" x-confidence="96">kept</WORD>
        <WORD coords="526,1757,606,1729" x-confidence="96">with</WORD>
        <WORD coords="630,1759,686,1729" x-confidence="96">the</WORD>
        <WORD coords="710,1764,865,1736" x-confidence="96">company</WORD>
        <WORD coords="887,1758,923,1737" x-confidence="96">as</WORD>
       </LINE>
       <LINE>
        <WORD coords="235,1809,277,1785" x-confidence="92">on</WORD>
        <WORD coords="303,1804,371,1776" x-confidence="85">3lst</WORD>
        <WORD coords="399,1810,582,1774" x-confidence="76">December,</WORD>
        <WORD coords="612,1802,684,1774" x-confidence="96">1985</WORD>
        <WORD coords="713,1803,777,1773" x-confidence="95">and</WORD>
        <WORD coords="804,1808,921,1772" x-confidence="95">totally</WORD>
       </LINE>
       <LINE>
        <WORD coords="238,1851,425,1819" x-confidence="52">misutilised</WORD>
        <WORD coords="458,1852,584,1819" x-confidence="96">against</WORD>
        <WORD coords="613,1849,669,1820" x-confidence="96">the</WORD>
        <WORD coords="698,1849,831,1818" x-confidence="91">interest</WORD>
        <WORD coords="889,1845,923,1818" x-confidence="86">of</WORD>
       </LINE>
       <LINE>
        <WORD coords="236,1900,425,1864" x-confidence="96">production</WORD>
        <WORD coords="451,1895,485,1868" x-confidence="95">of</WORD>
        <WORD coords="511,1898,564,1865" x-confidence="95">the</WORD>
        <WORD coords="620,1904,775,1871" x-confidence="96">company</WORD>
        <WORD coords="801,1902,924,1863" x-confidence="96">and/or</WORD>
       </LINE>
       <LINE>
        <WORD coords="238,1941,292,1912" x-confidence="96">the</WORD>
        <WORD coords="320,1940,407,1919" x-confidence="94">same</WORD>
        <WORD coords="435,1941,491,1910" x-confidence="94">has</WORD>
        <WORD coords="519,1940,601,1909" x-confidence="96">been</WORD>
        <WORD coords="628,1937,772,1909" x-confidence="96">diverted</WORD>
        <WORD coords="798,1943,923,1908" x-confidence="96">against</WORD>
       </LINE>
       <LINE>
        <WORD coords="241,1983,294,1956" x-confidence="96">the</WORD>
        <WORD coords="318,1987,451,1956" x-confidence="96">interest</WORD>
        <WORD coords="499,1980,532,1953" x-confidence="95">of</WORD>
        <WORD coords="556,1983,621,1953" x-confidence="91">this</WORD>
        <WORD coords="671,1987,779,1952" x-confidence="91">public</WORD>
        <WORD coords="801,1983,923,1951" x-confidence="96">limited</WORD>
       </LINE>
       <LINE>
        <WORD coords="238,2034,408,2006" x-confidence="96">company;</WORD>
       </LINE>
      </PARAGRAPH>
     </REGION>
    </PAGECOLUMN>
    <PAGECOLUMN>
     <REGION>
      <PARAGRAPH>
       <LINE>
        <WORD coords="283,2112,334,2080" x-confidence="94">(९)</WORD>
        <WORD coords="360,2111,390,2080" x-confidence="95">if</WORD>
        <WORD coords="416,2116,460,2088" x-confidence="95">so,</WORD>
        <WORD coords="490,2111,544,2078" x-confidence="95">the</WORD>
        <WORD coords="573,2110,654,2077" x-confidence="96">facts</WORD>
        <WORD coords="683,2113,810,2076" x-confidence="94">thereof</WORD>
        <WORD coords="865,2108,927,2078" x-confidence="91">and</WORD>
       </LINE>
       <LINE>
        <WORD coords="241,2153,347,2125" x-confidence="95">action</WORD>
        <WORD coords="375,2157,467,2124" x-confidence="95">being</WORD>
        <WORD coords="522,2156,757,2121" x-confidence="93">contemplated</WORD>
        <WORD coords="812,2154,847,2124" x-confidence="93">to</WORD>
        <WORD coords="873,2156,927,2122" x-confidence="96">get</WORD>
       </LINE>
       <LINE>
        <WORD coords="241,2197,321,2170" x-confidence="96">such</WORD>
        <WORD coords="349,2199,430,2170" x-confidence="93">fund</WORD>
        <WORD coords="489,2206,706,2167" x-confidence="90">immediately</WORD>
        <WORD coords="763,2200,925,2165" x-confidence="90">deposited</WORD>
       </LINE>
       <LINE>
        <WORD coords="241,2242,323,2213" x-confidence="96">with</WORD>
        <WORD coords="355,2248,464,2211" x-confidence="96">public</WORD>
        <WORD coords="492,2241,597,2212" x-confidence="96">sector</WORD>
        <WORD coords="624,2239,773,2211" x-confidence="92">financial</WORD>
        <WORD coords="802,2239,928,2210" x-confidence="82">institu-</WORD>
       </LINE>
       <LINE>
        <WORD coords="239,2291,322,2258" x-confidence="95">tions</WORD>
        <WORD coords="346,2286,381,2266" x-confidence="95">so</WORD>
        <WORD coords="403,2285,473,2257" x-confidence="95">that</WORD>
        <WORD coords="495,2287,549,2256" x-confidence="96">the</WORD>
        <WORD coords="573,2289,704,2259" x-confidence="96">general</WORD>
        <WORD coords="725,2289,833,2255" x-confidence="95">public</WORD>
        <WORD coords="853,2283,926,2255" x-confidence="96">who</WORD>
       </LINE>
       <LINE>
        <WORD coords="242,2331,306,2303" x-confidence="94">had</WORD>
        <WORD coords="329,2331,453,2301" x-confidence="96">booked</WORD>
        <WORD coords="476,2333,615,2301" x-confidence="68">scooters</WORD>
        <WORD coords="639,2340,714,2308" x-confidence="96">may</WORD>
        <WORD coords="735,2330,791,2303" x-confidence="96">not</WORD>
        <WORD coords="815,2328,854,2300" x-confidence="93">be</WORD>
        <WORD coords="877,2327,928,2299" x-confidence="92">de-</WORD>
       </LINE>
       <LINE>
        <WORD coords="244,2375,380,2346" x-confidence="91">frauded</WORD>
        <WORD coords="405,2378,437,2351" x-confidence="78">jin</WORD>
        <WORD coords="463,2381,527,2353" x-confidence="96">any</WORD>
        <WORD coords="553,2378,637,2352" x-confidence="96">way;</WORD>
        <WORD coords="669,2372,731,2343" x-confidence="96">and</WORD>
       </LINE>
      </PARAGRAPH>
     </REGION>
    </PAGECOLUMN>
    <PAGECOLUMN>
     <REGION>
      <PARAGRAPH>
       <LINE>
        <WORD coords="286,2459,340,2427" x-confidence="88">(d)</WORD>
        <WORD coords="362,2457,449,2427" x-confidence="96">what</WORD>
        <WORD coords="495,2459,686,2426" x-confidence="92">monitoring</WORD>
        <WORD coords="732,2459,857,2431" x-confidence="92">process</WORD>
        <WORD coords="902,2455,930,2425" x-confidence="90">is</WORD>
       </LINE>
       <LINE>
        <WORD coords="245,2505,341,2472" x-confidence="96">being</WORD>
        <WORD coords="367,2503,518,2469" x-confidence="72">followed</WORD>
        <WORD coords="576,2497,609,2469" x-confidence="94">to</WORD>
        <WORD coords="636,2498,751,2477" x-confidence="96">ensure</WORD>
        <WORD coords="778,2497,849,2469" x-confidence="96">that</WORD>
        <WORD coords="875,2497,931,2470" x-confidence="96">the</WORD>
       </LINE>
       <LINE>
        <WORD coords="233,2550,398,2516" x-confidence="93">Company</WORD>
        <WORD coords="415,2548,568,2514" x-confidence="92">quickens</WORD>
        <WORD coords="587,2541,640,2513" x-confidence="96">the</WORD>
        <WORD coords="658,2546,784,2521" x-confidence="96">process</WORD>
        <WORD coords="803,2540,838,2513" x-confidence="93">of</WORD>
        <WORD coords="854,2546,927,2519" x-confidence="92">pro-</WORD>
       </LINE>
       <LINE>
        <WORD coords="243,2590,373,2558" x-confidence="96">duction</WORD>
        <WORD coords="395,2584,430,2558" x-confidence="93">of</WORD>
        <WORD coords="450,2591,588,2559" x-confidence="89">scooterg</WORD>
        <WORD coords="610,2586,673,2559" x-confidence="91">and</WORD>
        <WORD coords="695,2590,857,2557" x-confidence="90">expedites</WORD>
        <WORD coords="878,2584,930,2557" x-confidence="90">de-</WORD>
       </LINE>
       <LINE>
        <WORD coords="248,2637,359,2600" x-confidence="91">liveny</WORD>
        <WORD coords="386,2631,525,2600" x-confidence="95">without</WORD>
        <WORD coords="550,2638,695,2600" x-confidence="95">creating</WORD>
        <WORD coords="725,2635,927,2599" x-confidence="96">atmosphere</WORD>
       </LINE>
       <LINE>
        <WORD coords="242,2676,280,2644" x-confidence="93">ef</WORD>
        <WORD coords="304,2677,396,2645" x-confidence="87">ghort</WORD>
        <WORD coords="420,2681,552,2645" x-confidence="96">supply?</WORD>
       </LINE>
      </PARAGRAPH>
     </REGION>
    </PAGECOLUMN>
    <PAGECOLUMN>
     <REGION>
      <PARAGRAPH>
       <LINE x-struct="textfloat">
        <WORD coords="786,191,946,158" x-confidence="92">[RAJYA</WORD>
        <WORD coords="973,190,1110,157" x-confidence="82">SABHA</WORD>
        <WORD coords="1123,192,1134,159" x-confidence="82">]</WORD>
       </LINE>
      </PARAGRAPH>
     </REGION>
    </PAGECOLUMN>
    <PAGECOLUMN>
     <REGION>
      <PARAGRAPH>
       <LINE>
        <WORD coords="1257,187,1291,160" x-confidence="95">to</WORD>
        <WORD coords="1317,193,1485,159" x-confidence="96">Questions</WORD>
        <WORD coords="1611,195,1668,170" x-confidence="96">100</WORD>
       </LINE>
      </PARAGRAPH>
     </REGION>
    </PAGECOLUMN>
    <PAGECOLUMN>
     <REGION>
      <PARAGRAPH>
       <LINE>
        <WORD coords="1055,269,1136,240" x-confidence="95">THE</WORD>
        <WORD coords="1156,274,1355,241" x-confidence="95">MINISTER</WORD>
        <WORD coords="1395,274,1448,244" x-confidence="96">OF</WORD>
        <WORD coords="1489,278,1619,245" x-confidence="78">STATE</WORD>
        <WORD coords="1658,276,1703,247" x-confidence="96">IN</WORD>
       </LINE>
       <LINE>
        <WORD coords="1020,319,1100,288" x-confidence="95">THE</WORD>
        <WORD coords="1127,320,1405,287" x-confidence="94">DEPARTMENT</WORD>
        <WORD coords="1459,318,1513,290" x-confidence="93">OF</WORD>
        <WORD coords="1539,320,1704,290" x-confidence="92">INDUST-</WORD>
       </LINE>
       <LINE>
        <WORD coords="1018,359,1118,330" x-confidence="94">RIAL</WORD>
        <WORD coords="1165,363,1471,333" x-confidence="93">DEVELOPMENT</WORD>
        <WORD coords="1526,366,1634,335" x-confidence="93">(SHRI</WORD>
        <WORD coords="1662,366,1704,336" x-confidence="86">M.</WORD>
       </LINE>
       <LINE>
        <WORD coords="1021,412,1375,375" x-confidence="79">ARUNACHALAM):</WORD>
        <WORD coords="1434,417,1482,380" x-confidence="96">(a)</WORD>
        <WORD coords="1511,415,1585,380" x-confidence="96">Yes,</WORD>
        <WORD coords="1611,413,1669,382" x-confidence="78">Sir.</WORD>
       </LINE>
      </PARAGRAPH>
     </REGION>
    </PAGECOLUMN>
    <PAGECOLUMN>
     <REGION>
      <PARAGRAPH>
       <LINE>
        <WORD coords="1062,495,1112,459" x-confidence="92">(b)</WORD>
        <WORD coords="1136,491,1199,461" x-confidence="92">and</WORD>
        <WORD coords="1225,494,1272,462" x-confidence="91">(c)</WORD>
        <WORD coords="1316,492,1380,462" x-confidence="96">Out</WORD>
        <WORD coords="1418,490,1452,462" x-confidence="96">of</WORD>
        <WORD coords="1470,493,1522,464" x-confidence="87">Rs.</WORD>
        <WORD coords="1544,491,1600,463" x-confidence="95">115</WORD>
        <WORD coords="1618,493,1707,469" x-confidence="96">crore</WORD>
       </LINE>
       <LINE>
        <WORD coords="1019,533,1168,504" x-confidence="96">received</WORD>
       </LINE>
       <LINE>
        <WORD coords="1021,584,1146,549" x-confidence="96">against</WORD>
        <WORD coords="1168,585,1306,550" x-confidence="96">booking</WORD>
        <WORD coords="1329,578,1364,551" x-confidence="96">of</WORD>
        <WORD coords="1381,588,1530,552" x-confidence="96">scooters,</WORD>
        <WORD coords="1553,586,1603,555" x-confidence="95">Rs,</WORD>
        <WORD coords="1628,582,1709,554" x-confidence="96">90.78</WORD>
       </LINE>
       <LINE>
        <WORD coords="1026,626,1115,603" x-confidence="95">crore</WORD>
        <WORD coords="1140,623,1263,595" x-confidence="96">remain</WORD>
        <WORD coords="1292,624,1370,595" x-confidence="96">with</WORD>
        <WORD coords="1396,632,1427,596" x-confidence="96">it,</WORD>
        <WORD coords="1453,625,1539,597" x-confidence="96">after</WORD>
        <WORD coords="1563,632,1711,596" x-confidence="96">allowing</WORD>
       </LINE>
       <LINE>
        <WORD coords="1024,670,1075,641" x-confidence="96">for</WORD>
        <WORD coords="1097,674,1232,639" x-confidence="78">refunds</WORD>
        <WORD coords="1254,674,1379,641" x-confidence="96">against</WORD>
        <WORD coords="1402,674,1626,642" x-confidence="0">cancellations</WORD>
        <WORD coords="1650,672,1711,643" x-confidence="96">and</WORD>
       </LINE>
       <LINE>
        <WORD coords="1022,717,1237,684" x-confidence="95">adjustments</WORD>
        <WORD coords="1267,719,1392,685" x-confidence="96">against</WORD>
        <WORD coords="1417,722,1581,686" x-confidence="8">deliveries</WORD>
        <WORD coords="1609,721,1643,696" x-confidence="96">ag</WORD>
        <WORD coords="1670,717,1709,698" x-confidence="96">on</WORD>
       </LINE>
       <LINE>
        <WORD coords="1026,759,1164,729" x-confidence="78">31.12.85,</WORD>
        <WORD coords="1213,762,1277,731" x-confidence="94">The</WORD>
        <WORD coords="1307,771,1471,729" x-confidence="96">Company</WORD>
        <WORD coords="1498,761,1555,732" x-confidence="96">has</WORD>
        <WORD coords="1582,760,1711,731" x-confidence="96">advised</WORD>
       </LINE>
       <LINE>
        <WORD coords="1025,808,1146,772" x-confidence="95">having</WORD>
        <WORD coords="1167,808,1324,774" x-confidence="96">deployed</WORD>
        <WORD coords="1348,806,1445,775" x-confidence="96">funds</WORD>
        <WORD coords="1471,808,1504,788" x-confidence="95">as</WORD>
        <WORD coords="1526,809,1584,784" x-confidence="96">per</WORD>
        <WORD coords="1606,810,1711,776" x-confidence="86">guide</WORD>
       </LINE>
       <LINE>
        <WORD coords="1020,850,1102,819" x-confidence="94">lines</WORD>
        <WORD coords="1133,850,1241,820" x-confidence="96">issued</WORD>
        <WORD coords="1272,854,1315,819" x-confidence="96">by</WORD>
        <WORD coords="1344,854,1562,820" x-confidence="96">Government</WORD>
        <WORD coords="1589,851,1623,823" x-confidence="95">in</WORD>
        <WORD coords="1651,851,1714,820" x-confidence="96">this</WORD>
       </LINE>
       <LINE>
        <WORD coords="1021,897,1143,863" x-confidence="96">regard;</WORD>
       </LINE>
      </PARAGRAPH>
     </REGION>
    </PAGECOLUMN>
    <PAGECOLUMN>
     <REGION>
      <PARAGRAPH>
       <LINE>
        <WORD coords="1068,1002,1119,969" x-confidence="93">(6)</WORD>
        <WORD coords="1147,1001,1215,971" x-confidence="96">The</WORD>
        <WORD coords="1243,1007,1399,979" x-confidence="96">company</WORD>
        <WORD coords="1425,1002,1483,972" x-confidence="93">has</WORD>
        <WORD coords="1509,1008,1671,971" x-confidence="61">targetteg</WORD>
        <WORD coords="1695,1003,1713,982" x-confidence="96">a</WORD>
       </LINE>
       <LINE>
        <WORD coords="1029,1048,1216,1015" x-confidence="96">production</WORD>
        <WORD coords="1244,1045,1279,1015" x-confidence="67">of</WORD>
        <WORD coords="1332,1049,1460,1017" x-confidence="67">1,00,000</WORD>
        <WORD coords="1485,1050,1557,1019" x-confidence="94">Nos.</WORD>
        <WORD coords="1583,1051,1615,1015" x-confidence="96">in</WORD>
        <WORD coords="1642,1047,1714,1018" x-confidence="96">1986</WORD>
       </LINE>
       <LINE>
        <WORD coords="1031,1089,1092,1062" x-confidence="93">and</WORD>
        <WORD coords="1115,1092,1245,1060" x-confidence="91">1,25,000</WORD>
        <WORD coords="1265,1093,1337,1065" x-confidence="96">Nos.</WORD>
        <WORD coords="1361,1094,1444,1067" x-confidence="96">from</WORD>
        <WORD coords="1467,1090,1538,1062" x-confidence="96">1987</WORD>
        <WORD coords="1559,1092,1713,1062" x-confidence="96">onwards.</WORD>
       </LINE>
       <LINE>
        <WORD coords="1032,1134,1067,1105" x-confidence="95">In</WORD>
        <WORD coords="1090,1140,1241,1104" x-confidence="95">addition,</WORD>
        <WORD coords="1263,1139,1369,1106" x-confidence="96">Vespa</WORD>
        <WORD coords="1391,1134,1454,1106" x-confidence="96">Car</WORD>
        <WORD coords="1477,1135,1529,1107" x-confidence="96">Co.</WORD>
        <WORD coords="1552,1135,1621,1107" x-confidence="92">Ltd.</WORD>
        <WORD coords="1643,1141,1715,1114" x-confidence="92">pro-</WORD>
       </LINE>
       <LINE>
        <WORD coords="1028,1185,1136,1149" x-confidence="92">moteg</WORD>
        <WORD coords="1160,1192,1278,1149" x-confidence="96">jointly</WORD>
        <WORD coords="1302,1190,1346,1150" x-confidence="92">by</WORD>
        <WORD coords="1397,1183,1497,1148" x-confidence="85">Lohia</WORD>
        <WORD coords="1545,1183,1710,1150" x-confidence="96">Machines</WORD>
       </LINE>
       <LINE>
        <WORD coords="1032,1225,1101,1194" x-confidence="83">Ltd,</WORD>
        <WORD coords="1129,1224,1191,1195" x-confidence="96">and</WORD>
        <WORD coords="1220,1229,1345,1195" x-confidence="93">Piaggio</WORD>
        <WORD coords="1371,1224,1399,1195" x-confidence="93">&amp;</WORD>
        <WORD coords="1423,1230,1553,1196" x-confidence="91">C.S.p.a.</WORD>
        <WORD coords="1579,1227,1613,1196" x-confidence="94">of</WORD>
        <WORD coords="1635,1231,1717,1196" x-confidence="94">Italy</WORD>
       </LINE>
       <LINE>
        <WORD coords="1032,1267,1095,1239" x-confidence="96">and</WORD>
        <WORD coords="1120,1271,1261,1241" x-confidence="96">licensed</WORD>
        <WORD coords="1285,1269,1318,1241" x-confidence="96">to</WORD>
        <WORD coords="1342,1276,1565,1241" x-confidence="93">manufacture</WORD>
        <WORD coords="1590,1274,1719,1240" x-confidence="92">2,00,000</WORD>
       </LINE>
       <LINE>
        <WORD coords="1032,1313,1105,1283" x-confidence="94">Nos.</WORD>
        <WORD coords="1133,1320,1190,1292" x-confidence="96">per</WORD>
        <WORD coords="1217,1314,1337,1293" x-confidence="60">annum</WORD>
        <WORD coords="1387,1317,1456,1285" x-confidence="60">will</WORD>
        <WORD coords="1510,1315,1578,1284" x-confidence="89">also</WORD>
        <WORD coords="1602,1321,1718,1286" x-confidence="96">supply</WORD>
       </LINE>
       <LINE>
        <WORD coords="1031,1362,1170,1332" x-confidence="96">scooters</WORD>
        <WORD coords="1192,1363,1314,1329" x-confidence="96">against</WORD>
        <WORD coords="1335,1361,1390,1330" x-confidence="96">the</WORD>
        <WORD coords="1409,1365,1548,1329" x-confidence="96">booking</WORD>
        <WORD coords="1570,1361,1605,1330" x-confidence="93">of</WORD>
        <WORD coords="1623,1363,1719,1329" x-confidence="91">Lohia</WORD>
       </LINE>
       <LINE>
        <WORD coords="1034,1407,1198,1374" x-confidence="92">Machines</WORD>
        <WORD coords="1221,1404,1289,1374" x-confidence="96">Ltd.</WORD>
       </LINE>
      </PARAGRAPH>
     </REGION>
    </PAGECOLUMN>
    <PAGECOLUMN>
     <REGION>
      <PARAGRAPH>
       <LINE>
        <WORD coords="1036,1485,1113,1457" x-confidence="95">Free</WORD>
        <WORD coords="1133,1489,1228,1457" x-confidence="96">home</WORD>
        <WORD coords="1249,1493,1390,1457" x-confidence="96">delivery</WORD>
        <WORD coords="1410,1489,1444,1460" x-confidence="96">of</WORD>
        <WORD coords="1462,1487,1545,1456" x-confidence="96">LPG</WORD>
        <WORD coords="1563,1492,1720,1456" x-confidence="96">cylinders</WORD>
       </LINE>
      </PARAGRAPH>
     </REGION>
    </PAGECOLUMN>
    <PAGECOLUMN>
     <REGION>
      <PARAGRAPH>
       <LINE>
        <WORD coords="1073,1562,1135,1528" x-confidence="95">526,</WORD>
        <WORD coords="1160,1560,1256,1528" x-confidence="92">SHRI</WORD>
        <WORD coords="1277,1557,1405,1528" x-confidence="88">KAPIL</WORD>
        <WORD coords="1425,1560,1581,1527" x-confidence="88">VERMA:</WORD>
       </LINE>
       <LINE>
        <WORD coords="1156,1602,1358,1572" x-confidence="90">SHRIMATI</WORD>
        <WORD coords="1381,1606,1524,1572" x-confidence="96">RATAN</WORD>
        <WORD coords="1545,1607,1723,1572" x-confidence="80">KUMARI:</WORD>
       </LINE>
      </PARAGRAPH>
     </REGION>
    </PAGECOLUMN>
    <PAGECOLUMN>
     <REGION>
      <PARAGRAPH>
       <LINE>
        <WORD coords="1075,1672,1147,1643" x-confidence="95">Will</WORD>
        <WORD coords="1171,1674,1226,1644" x-confidence="96">the</WORD>
        <WORD coords="1249,1672,1396,1643" x-confidence="95">Minister</WORD>
        <WORD coords="1419,1671,1454,1644" x-confidence="96">of</WORD>
        <WORD coords="1477,1674,1723,1642" x-confidence="96">PETROLEUM</WORD>
       </LINE>
       <LINE>
        <WORD coords="1040,1717,1125,1690" x-confidence="96">AND</WORD>
        <WORD coords="1146,1717,1345,1688" x-confidence="96">NATURAL</WORD>
        <WORD coords="1370,1721,1449,1691" x-confidence="94">GAS</WORD>
        <WORD coords="1473,1719,1513,1688" x-confidence="94">be</WORD>
        <WORD coords="1538,1722,1668,1688" x-confidence="96">pleased</WORD>
        <WORD coords="1692,1719,1723,1693" x-confidence="96">to</WORD>
       </LINE>
       <LINE>
        <WORD coords="1039,1765,1133,1733" x-confidence="96">state:</WORD>
       </LINE>
      </PARAGRAPH>
     </REGION>
    </PAGECOLUMN>
    <PAGECOLUMN>
     <REGION>
      <PARAGRAPH>
       <LINE x-struct="textfloat">
        <WORD coords="1220,546,1356,504" x-confidence="94">initially</WORD>
        <WORD coords="1403,541,1448,513" x-confidence="74">py</WORD>
        <WORD coords="1471,541,1527,508" x-confidence="96">the</WORD>
        <WORD coords="1552,544,1708,516" x-confidence="93">company</WORD>
        <WORD coords="1738,535,1743,531" x-confidence="92">.</WORD>
       </LINE>
      </PARAGRAPH>
     </REGION>
    </PAGECOLUMN>
    <PAGECOLUMN>
     <REGION>
      <PARAGRAPH>
       <LINE x-struct="header">
        <WORD coords="1082,1848,1129,1816" x-confidence="95">(a)</WORD>
        <WORD coords="1159,1845,1304,1816" x-confidence="96">whether</WORD>
        <WORD coords="1331,1847,1547,1818" x-confidence="96">Government</WORD>
        <WORD coords="1573,1847,1629,1823" x-confidence="96">are</WORD>
        <WORD coords="1650,1856,1724,1797" x-confidence="92">con-</WORD>
        <WORD coords="1754,1843,1758,1839" x-confidence="0">;</WORD>
       </LINE>
      </PARAGRAPH>
     </REGION>
    </PAGECOLUMN>
    <PAGECOLUMN>
     <REGION>
      <PARAGRAPH>
       <LINE>
        <WORD coords="1040,1896,1180,1861" x-confidence="96">sidering</WORD>
        <WORD coords="1206,1890,1223,1870" x-confidence="96">a</WORD>
        <WORD coords="1249,1896,1398,1861" x-confidence="96">proposal</WORD>
        <WORD coords="1424,1891,1457,1865" x-confidence="95">to</WORD>
        <WORD coords="1484,1892,1546,1862" x-confidence="96">end</WORD>
        <WORD coords="1573,1892,1628,1861" x-confidence="93">the</WORD>
        <WORD coords="1652,1896,1724,1868" x-confidence="86">pre-</WORD>
       </LINE>
       <LINE>
        <WORD coords="1041,1934,1110,1907" x-confidence="96">sent</WORD>
        <WORD coords="1132,1942,1250,1908" x-confidence="95">system</WORD>
        <WORD coords="1271,1936,1306,1906" x-confidence="95">of</WORD>
        <WORD coords="1325,1934,1393,1907" x-confidence="96">free</WORD>
        <WORD coords="1413,1938,1504,1907" x-confidence="96">home</WORD>
        <WORD coords="1526,1948,1671,1905" x-confidence="96">delivery</WORD>
        <WORD coords="1692,1936,1727,1908" x-confidence="96">of</WORD>
       </LINE>
       <LINE>
        <WORD coords="1042,1988,1174,1951" x-confidence="96">cooking</WORD>
        <WORD coords="1198,1985,1253,1959" x-confidence="95">gas</WORD>
        <WORD coords="1278,1985,1434,1951" x-confidence="12">cylinders</WORD>
        <WORD coords="1458,1984,1522,1957" x-confidence="60">and</WORD>
        <WORD coords="1546,1984,1662,1950" x-confidence="95">charge</WORD>
        <WORD coords="1687,1981,1727,1960" x-confidence="96">an</WORD>
       </LINE>
       <LINE>
        <WORD coords="1042,2024,1133,1997" x-confidence="95">extra</WORD>
        <WORD coords="1162,2034,1294,1998" x-confidence="95">amount</WORD>
        <WORD coords="1321,2023,1373,1995" x-confidence="95">for</WORD>
        <WORD coords="1403,2028,1467,1995" x-confidence="87">this</WORD>
        <WORD coords="1492,2033,1617,1994" x-confidence="95">facility</WORD>
        <WORD coords="1643,2021,1727,1995" x-confidence="96">from</WORD>
       </LINE>
       <LINE>
        <WORD coords="1042,2068,1096,2041" x-confidence="96">the</WORD>
        <WORD coords="1127,2072,1320,2046" x-confidence="96">consumers;</WORD>
        <WORD coords="1353,2070,1416,2040" x-confidence="96">and</WORD>
       </LINE>
      </PARAGRAPH>
     </REGION>
    </PAGECOLUMN>
    <PAGECOLUMN>
     <REGION>
      <PARAGRAPH>
       <LINE>
        <WORD coords="1084,2154,1138,2121" x-confidence="82">(b)</WORD>
        <WORD coords="1166,2151,1312,2121" x-confidence="96">whether</WORD>
        <WORD coords="1341,2152,1427,2129" x-confidence="96">some</WORD>
        <WORD coords="1459,2150,1663,2119" x-confidence="96">distributors</WORD>
        <WORD coords="1695,2148,1729,2119" x-confidence="96">of</WORD>
       </LINE>
       <LINE>
        <WORD coords="1042,2193,1095,2167" x-confidence="96">the</WORD>
        <WORD coords="1118,2195,1237,2167" x-confidence="96">Bharat</WORD>
        <WORD coords="1259,2196,1440,2165" x-confidence="96">Petroleum</WORD>
        <WORD coords="1464,2193,1526,2165" x-confidence="96">and</WORD>
        <WORD coords="1548,2193,1728,2164" x-confidence="96">Hindustan</WORD>
       </LINE>
      </PARAGRAPH>
     </REGION>
    </PAGECOLUMN>
    <PAGECOLUMN>
     <REGION>
      <PARAGRAPH>
       <LINE x-struct="header">
        <WORD coords="1043,2238,1224,2210" x-confidence="95">Petroleum</WORD>
        <WORD coords="1244,2244,1299,2217" x-confidence="95">gas</WORD>
        <WORD coords="1319,2244,1351,2215" x-confidence="96">in</WORD>
        <WORD coords="1370,2243,1514,2208" x-confidence="96">Bombay</WORD>
        <WORD coords="1532,2243,1614,2210" x-confidence="92">have</WORD>
        <WORD coords="1633,2242,1727,2208" x-confidence="92">resig-</WORD>
        <WORD coords="1760,2248,1764,2244" x-confidence="30">|</WORD>
       </LINE>
      </PARAGRAPH>
     </REGION>
    </PAGECOLUMN>
    <PAGECOLUMN>
     <REGION>
      <PARAGRAPH>
       <LINE>
        <WORD coords="1043,2287,1116,2254" x-confidence="96">ned;</WORD>
       </LINE>
      </PARAGRAPH>
     </REGION>
    </PAGECOLUMN>
    <PAGECOLUMN>
     <REGION>
      <PARAGRAPH>
       <LINE>
        <WORD coords="1085,2384,1129,2353" x-confidence="93">(2)</WORD>
        <WORD coords="1152,2377,1178,2350" x-confidence="96">if</WORD>
        <WORD coords="1195,2385,1239,2359" x-confidence="96">so,</WORD>
        <WORD coords="1258,2378,1345,2349" x-confidence="96">what</WORD>
        <WORD coords="1365,2382,1393,2349" x-confidence="74">is</WORD>
        <WORD coords="1411,2381,1491,2349" x-confidence="80">their</WORD>
        <WORD coords="1509,2382,1646,2349" x-confidence="88">number</WORD>
        <WORD coords="1665,2376,1728,2347" x-confidence="96">and</WORD>
       </LINE>
       <LINE>
        <WORD coords="1043,2424,1131,2395" x-confidence="96">what</WORD>
        <WORD coords="1150,2424,1204,2402" x-confidence="96">are</WORD>
        <WORD coords="1224,2427,1280,2394" x-confidence="96">the</WORD>
        <WORD coords="1299,2425,1427,2401" x-confidence="94">reasons</WORD>
        <WORD coords="1447,2426,1542,2393" x-confidence="95">given</WORD>
        <WORD coords="1559,2427,1603,2392" x-confidence="95">by</WORD>
        <WORD coords="1621,2420,1727,2393" x-confidence="95">them?</WORD>
       </LINE>
      </PARAGRAPH>
     </REGION>
    </PAGECOLUMN>
    <PAGECOLUMN>
     <REGION>
      <PARAGRAPH>
       <LINE>
        <WORD coords="1083,2507,1163,2476" x-confidence="96">THE</WORD>
        <WORD coords="1185,2505,1383,2475" x-confidence="95">MINISTER</WORD>
        <WORD coords="1429,2506,1481,2475" x-confidence="96">OF</WORD>
        <WORD coords="1504,2505,1635,2474" x-confidence="95">STATE</WORD>
        <WORD coords="1679,2504,1732,2475" x-confidence="96">OF</WORD>
       </LINE>
       <LINE>
        <WORD coords="1045,2547,1125,2520" x-confidence="94">THE</WORD>
        <WORD coords="1153,2549,1355,2519" x-confidence="95">MINISTRY</WORD>
        <WORD coords="1380,2547,1434,2519" x-confidence="92">OF</WORD>
        <WORD coords="1484,2546,1733,2517" x-confidence="96">PETROLEUM</WORD>
       </LINE>
       <LINE>
        <WORD coords="1045,2593,1132,2563" x-confidence="93">AND</WORD>
        <WORD coords="1189,2593,1386,2563" x-confidence="93">NATURAL</WORD>
        <WORD coords="1461,2592,1543,2563" x-confidence="96">GAS</WORD>
        <WORD coords="1622,2597,1741,2562" x-confidence="52">(SHRI</WORD>
       </LINE>
       <LINE>
        <WORD coords="1046,2636,1245,2607" x-confidence="96">CHANDRA</WORD>
        <WORD coords="1266,2638,1463,2608" x-confidence="96">SHEKHAR</WORD>
        <WORD coords="1481,2641,1637,2607" x-confidence="92">SINGH).</WORD>
        <WORD coords="1679,2639,1733,2606" x-confidence="94">(a)</WORD>
       </LINE>
       <LINE>
        <WORD coords="1045,2682,1093,2653" x-confidence="95">No</WORD>
        <WORD coords="1115,2683,1195,2652" x-confidence="96">such</WORD>
        <WORD coords="1217,2684,1357,2652" x-confidence="96">decision</WORD>
        <WORD coords="1379,2684,1435,2653" x-confidence="94">has</WORD>
        <WORD coords="1458,2680,1541,2652" x-confidence="96">been</WORD>
        <WORD coords="1563,2683,1669,2652" x-confidence="91">taken.</WORD>
       </LINE>
      </PARAGRAPH>
     </REGION>
    </PAGECOLUMN>
    <PAGECOLUMN>
     <REGION>
      <PARAGRAPH>
       <LINE>
        <WORD coords="1749,2368,1757,2356" x-confidence="39">-</WORD>
       </LINE>
      </PARAGRAPH>
     </REGION>
    </PAGECOLUMN>
    <PAGECOLUMN>
     <REGION>
      <PARAGRAPH>
       <LINE>
        <WORD coords="1763,2412,1771,2403" x-confidence="51">«</WORD>
       </LINE>
      </PARAGRAPH>
     </REGION>
    </PAGECOLUMN>
   </HIDDENTEXT>
  </OBJECT>
  <MAP name="IQ_138_28041986_U524_p98_p99_0001.djvu"/>
 </BODY>
</DjVuXML>
