<?xml version="1.0" encoding="UTF-8"?>
<!DOCTYPE DjVuXML>
<DjVuXML>
 <BODY>
  <OBJECT data="file://localhost/var/tmp/autoclean/derive/rsdebate.nic.in.323151/PQ_138_28041986_U524_p98_p99.djvu" type="image/x.djvu" usemap="PQ_138_28041986_U524_p98_p99_0000.djvu" width="2550" height="3301">
   <PARAM name="PAGE" value="PQ_138_28041986_U524_p98_p99_0000.djvu"/>
   <PARAM name="DPI" value="300"/>
   <HIDDENTEXT>
    <PAGECOLUMN>
     <REGION>
      <PARAGRAPH>
       <LINE>
        <WORD coords="567,315,599,290" x-confidence="95">97</WORD>
        <WORD coords="723,314,822,291" x-confidence="95">Written</WORD>
        <WORD coords="832,314,951,290" x-confidence="96">Answers</WORD>
       </LINE>
      </PARAGRAPH>
     </REGION>
    </PAGECOLUMN>
    <PAGECOLUMN>
     <REGION>
      <PARAGRAPH>
       <LINE>
        <WORD coords="580,422,617,391" x-confidence="92">(c)</WORD>
        <WORD coords="650,415,674,391" x-confidence="95">if</WORD>
        <WORD coords="704,421,741,399" x-confidence="96">so,</WORD>
        <WORD coords="775,416,817,391" x-confidence="96">the</WORD>
        <WORD coords="851,416,941,390" x-confidence="96">details</WORD>
        <WORD coords="975,423,1109,391" x-confidence="90">regarding</WORD>
        <WORD coords="1143,416,1184,391" x-confidence="90">the</WORD>
       </LINE>
       <LINE>
        <WORD coords="535,458,596,433" x-confidence="84">total</WORD>
        <WORD coords="636,465,788,433" x-confidence="84">production</WORD>
        <WORD coords="829,458,861,432" x-confidence="96">of</WORD>
        <WORD coords="897,458,938,433" x-confidence="96">the</WORD>
        <WORD coords="980,458,1034,441" x-confidence="95">cars</WORD>
        <WORD coords="1076,457,1102,433" x-confidence="24">in</WORD>
        <WORD coords="1143,458,1184,432" x-confidence="91">the</WORD>
       </LINE>
       <LINE>
        <WORD coords="535,507,641,478" x-confidence="91">country</WORD>
        <WORD coords="695,500,744,474" x-confidence="91">and</WORD>
        <WORD coords="797,500,838,475" x-confidence="92">the</WORD>
        <WORD coords="892,505,995,474" x-confidence="72">numbe,</WORD>
        <WORD coords="1048,500,1080,475" x-confidence="90">of</WORD>
        <WORD coords="1129,500,1183,483" x-confidence="79">cars</WORD>
       </LINE>
       <LINE>
        <WORD coords="534,543,620,517" x-confidence="96">which</WORD>
        <WORD coords="630,543,678,526" x-confidence="96">can</WORD>
        <WORD coords="687,543,719,517" x-confidence="96">be</WORD>
        <WORD coords="730,550,860,518" x-confidence="96">exported;</WORD>
        <WORD coords="872,543,921,517" x-confidence="96">and</WORD>
       </LINE>
      </PARAGRAPH>
     </REGION>
    </PAGECOLUMN>
    <PAGECOLUMN>
     <REGION>
      <PARAGRAPH>
       <LINE>
        <WORD coords="581,616,620,585" x-confidence="92">(d)</WORD>
        <WORD coords="660,610,774,584" x-confidence="90">whether</WORD>
        <WORD coords="824,610,892,585" x-confidence="92">there</WORD>
        <WORD coords="944,610,985,593" x-confidence="92">are</WORD>
        <WORD coords="1036,617,1086,593" x-confidence="65">any</WORD>
        <WORD coords="1136,610,1186,593" x-confidence="96">con</WORD>
       </LINE>
       <LINE>
        <WORD coords="541,652,607,630" x-confidence="59">crete</WORD>
        <WORD coords="643,659,788,626" x-confidence="7">proposal’*,</WORD>
        <WORD coords="826,652,854,635" x-confidence="96">or</WORD>
        <WORD coords="890,652,970,627" x-confidence="91">offers</WORD>
        <WORD coords="1007,652,1047,627" x-confidence="90">for</WORD>
        <WORD coords="1083,659,1185,630" x-confidence="87">exports</WORD>
       </LINE>
       <LINE>
        <WORD coords="541,694,572,669" x-confidence="96">of</WORD>
        <WORD coords="601,693,656,677" x-confidence="96">cars</WORD>
        <WORD coords="690,694,715,672" x-confidence="96">to</WORD>
        <WORD coords="749,699,817,669" x-confidence="96">othe,</WORD>
        <WORD coords="849,699,984,669" x-confidence="95">countries,</WORD>
        <WORD coords="1019,693,1043,669" x-confidence="95">if</WORD>
        <WORD coords="1072,699,1109,677" x-confidence="93">so,</WORD>
        <WORD coords="1143,694,1185,669" x-confidence="93">the</WORD>
       </LINE>
       <LINE>
        <WORD coords="541,737,630,711" x-confidence="96">details</WORD>
        <WORD coords="641,737,754,711" x-confidence="96">thereof?</WORD>
       </LINE>
      </PARAGRAPH>
     </REGION>
    </PAGECOLUMN>
    <PAGECOLUMN>
     <REGION>
      <PARAGRAPH>
       <LINE>
        <WORD coords="574,811,640,788" x-confidence="96">THE</WORD>
        <WORD coords="666,812,831,787" x-confidence="96">MINISTER</WORD>
        <WORD coords="856,812,899,787" x-confidence="96">OF</WORD>
        <WORD coords="927,812,1033,787" x-confidence="96">STATE</WORD>
        <WORD coords="1059,811,1093,788" x-confidence="96">IN</WORD>
        <WORD coords="1120,811,1187,788" x-confidence="96">THE</WORD>
       </LINE>
       <LINE>
        <WORD coords="540,852,775,828" x-confidence="96">DEPARTMENT</WORD>
        <WORD coords="855,853,897,828" x-confidence="96">OF</WORD>
        <WORD coords="977,853,1187,828" x-confidence="96">INDUSTRIAL</WORD>
       </LINE>
       <LINE>
        <WORD coords="540,895,799,870" x-confidence="96">DEVELOPMENT</WORD>
        <WORD coords="928,901,1019,870" x-confidence="91">(SHRJ</WORD>
        <WORD coords="1148,894,1185,871" x-confidence="90">M.</WORD>
       </LINE>
       <LINE>
        <WORD coords="540,942,828,911" x-confidence="87">ARUNACHALAM)</WORD>
        <WORD coords="851,942,888,911" x-confidence="96">(a)</WORD>
        <WORD coords="912,936,1049,911" x-confidence="94">Sufficient</WORD>
        <WORD coords="1071,943,1187,911" x-confidence="96">capacity</WORD>
       </LINE>
       <LINE>
        <WORD coords="540,977,585,951" x-confidence="96">has</WORD>
        <WORD coords="601,977,668,952" x-confidence="96">been</WORD>
        <WORD coords="684,977,798,952" x-confidence="96">licensed</WORD>
        <WORD coords="814,976,840,952" x-confidence="97">in</WORD>
        <WORD coords="856,976,905,951" x-confidence="96">this</WORD>
        <WORD coords="922,977,1005,955" x-confidence="96">sector</WORD>
        <WORD coords="1020,977,1045,955" x-confidence="96">to</WORD>
        <WORD coords="1062,977,1130,955" x-confidence="96">meet</WORD>
        <WORD coords="1146,977,1187,952" x-confidence="96">the</WORD>
       </LINE>
       <LINE>
        <WORD coords="540,1025,671,993" x-confidence="96">projected</WORD>
        <WORD coords="690,1018,800,992" x-confidence="96">demand</WORD>
        <WORD coords="820,1017,852,993" x-confidence="96">of</WORD>
        <WORD coords="867,1025,1006,1001" x-confidence="96">passenger</WORD>
        <WORD coords="1025,1018,1079,1001" x-confidence="96">cars</WORD>
        <WORD coords="1100,1017,1126,993" x-confidence="96">in</WORD>
        <WORD coords="1145,1018,1187,993" x-confidence="96">the</WORD>
       </LINE>
       <LINE>
        <WORD coords="541,1067,654,1038" x-confidence="96">country.</WORD>
       </LINE>
      </PARAGRAPH>
     </REGION>
    </PAGECOLUMN>
    <PAGECOLUMN>
     <REGION>
      <PARAGRAPH>
       <LINE>
        <WORD coords="586,1130,625,1099" x-confidence="94">(0)</WORD>
        <WORD coords="646,1129,666,1102" x-confidence="88">0</WORD>
        <WORD coords="688,1130,726,1099" x-confidence="94">(9)</WORD>
        <WORD coords="748,1129,809,1100" x-confidence="96">Yes,</WORD>
        <WORD coords="833,1124,878,1099" x-confidence="85">Sir.</WORD>
        <WORD coords="901,1124,996,1099" x-confidence="96">Maruti</WORD>
        <WORD coords="1018,1131,1112,1099" x-confidence="96">Udyog</WORD>
        <WORD coords="1133,1124,1187,1098" x-confidence="96">Ltd.</WORD>
       </LINE>
       <LINE>
        <WORD coords="542,1172,645,1144" x-confidence="96">expects</WORD>
        <WORD coords="663,1165,689,1143" x-confidence="96">to</WORD>
        <WORD coords="708,1172,796,1143" x-confidence="92">export</WORD>
        <WORD coords="814,1170,822,1159" x-confidence="92">,</WORD>
        <WORD coords="841,1164,892,1140" x-confidence="96">few</WORD>
        <WORD coords="910,1165,1036,1140" x-confidence="96">thousand</WORD>
        <WORD coords="1054,1165,1116,1148" x-confidence="95">cars.</WORD>
        <WORD coords="1136,1165,1189,1139" x-confidence="96">The</WORD>
       </LINE>
       <LINE>
        <WORD coords="541,1207,602,1181" x-confidence="96">total</WORD>
        <WORD coords="618,1214,771,1182" x-confidence="96">production</WORD>
        <WORD coords="788,1207,819,1182" x-confidence="96">of</WORD>
        <WORD coords="832,1207,886,1190" x-confidence="96">cars</WORD>
        <WORD coords="904,1214,994,1182" x-confidence="93">during</WORD>
        <WORD coords="1015,1206,1126,1182" x-confidence="0">985-86</WORD>
        <WORD coords="1143,1207,1188,1182" x-confidence="96">has</WORD>
       </LINE>
       <LINE>
        <WORD coords="541,1248,607,1223" x-confidence="96">been</WORD>
        <WORD coords="617,1248,694,1223" x-confidence="93">about</WORD>
        <WORD coords="722,1247,753,1223" x-confidence="0">03</WORD>
        <WORD coords="775,1248,907,1222" x-confidence="95">thousand.</WORD>
       </LINE>
      </PARAGRAPH>
     </REGION>
    </PAGECOLUMN>
    <PAGECOLUMN>
     <REGION>
      <PARAGRAPH>
       <LINE>
        <WORD coords="539,1318,686,1287" x-confidence="95">Prototype</WORD>
        <WORD coords="728,1318,925,1285" x-confidence="90">Development</WORD>
        <WORD coords="967,1310,1023,1285" x-confidence="64">and_</WORD>
        <WORD coords="1064,1318,1197,1286" x-confidence="96">Training</WORD>
       </LINE>
       <LINE>
        <WORD coords="683,1352,785,1329" x-confidence="96">Centre</WORD>
        <WORD coords="795,1352,823,1328" x-confidence="95">in</WORD>
        <WORD coords="841,1360,1012,1327" x-confidence="96">Hyderabad</WORD>
       </LINE>
      </PARAGRAPH>
     </REGION>
    </PAGECOLUMN>
    <PAGECOLUMN>
     <REGION>
      <PARAGRAPH>
       <LINE>
        <WORD coords="580,1429,637,1405" x-confidence="91">522.</WORD>
        <WORD coords="691,1430,768,1405" x-confidence="88">SHRI</WORD>
        <WORD coords="818,1429,847,1406" x-confidence="90">8.</WORD>
        <WORD coords="900,1430,1190,1405" x-confidence="82">SATYANARAYAN</WORD>
       </LINE>
       <LINE>
        <WORD coords="545,1480,673,1451" x-confidence="96">REDDY;</WORD>
        <WORD coords="694,1474,754,1450" x-confidence="95">Will</WORD>
        <WORD coords="772,1474,814,1449" x-confidence="96">the</WORD>
        <WORD coords="832,1475,951,1450" x-confidence="96">Minister</WORD>
        <WORD coords="969,1475,1001,1450" x-confidence="96">of</WORD>
        <WORD coords="1015,1475,1190,1450" x-confidence="96">INDUSTRY</WORD>
       </LINE>
       <LINE>
        <WORD coords="544,1519,576,1494" x-confidence="96">be</WORD>
        <WORD coords="586,1526,692,1494" x-confidence="96">pleased</WORD>
        <WORD coords="701,1519,726,1497" x-confidence="96">to</WORD>
        <WORD coords="738,1519,808,1497" x-confidence="96">state:</WORD>
       </LINE>
      </PARAGRAPH>
     </REGION>
    </PAGECOLUMN>
    <PAGECOLUMN>
     <REGION>
      <PARAGRAPH>
       <LINE>
        <WORD coords="586,1597,622,1566" x-confidence="88">(a)</WORD>
        <WORD coords="659,1591,771,1565" x-confidence="88">whether</WORD>
        <WORD coords="787,1590,801,1574" x-confidence="95">a</WORD>
        <WORD coords="816,1598,936,1566" x-confidence="96">proposal</WORD>
        <WORD coords="953,1591,992,1565" x-confidence="97">for</WORD>
        <WORD coords="1008,1598,1101,1566" x-confidence="96">setting</WORD>
        <WORD coords="1115,1598,1150,1574" x-confidence="96">up</WORD>
        <WORD coords="1166,1591,1198,1566" x-confidence="96">of</WORD>
       </LINE>
       <LINE>
        <WORD coords="544,1639,679,1608" x-confidence="96">Prototype</WORD>
        <WORD coords="691,1639,871,1607" x-confidence="96">development</WORD>
        <WORD coords="882,1632,931,1607" x-confidence="96">and</WORD>
        <WORD coords="941,1639,1049,1607" x-confidence="96">training</WORD>
        <WORD coords="1060,1632,1144,1610" x-confidence="96">centre</WORD>
        <WORD coords="1156,1632,1195,1607" x-confidence="96">for</WORD>
       </LINE>
       <LINE>
        <WORD coords="545,1674,695,1649" x-confidence="92">electronics</WORD>
        <WORD coords="741,1673,766,1652" x-confidence="82">at</WORD>
        <WORD coords="811,1681,986,1648" x-confidence="76">Kushaiguda,</WORD>
        <WORD coords="1032,1681,1194,1648" x-confidence="94">Hyderabad,</WORD>
       </LINE>
       <LINE>
        <WORD coords="544,1714,649,1690" x-confidence="96">Andhra</WORD>
        <WORD coords="661,1715,771,1689" x-confidence="96">Pradesh</WORD>
        <WORD coords="785,1715,806,1689" x-confidence="96">is</WORD>
        <WORD coords="818,1715,898,1689" x-confidence="96">under</WORD>
        <WORD coords="911,1715,1099,1690" x-confidence="96">consideration</WORD>
        <WORD coords="1112,1715,1144,1690" x-confidence="96">of</WORD>
        <WORD coords="1153,1714,1194,1689" x-confidence="96">the</WORD>
       </LINE>
       <LINE>
        <WORD coords="544,1756,720,1731" x-confidence="96">Government</WORD>
        <WORD coords="730,1756,800,1731" x-confidence="96">since</WORD>
        <WORD coords="810,1756,873,1732" x-confidence="93">June</WORD>
        <WORD coords="902,1761,961,1731" x-confidence="0">978;</WORD>
       </LINE>
      </PARAGRAPH>
     </REGION>
    </PAGECOLUMN>
    <PAGECOLUMN>
     <REGION>
      <PARAGRAPH>
       <LINE>
        <WORD coords="586,1839,625,1807" x-confidence="92">(b)</WORD>
        <WORD coords="659,1833,772,1807" x-confidence="95">whether</WORD>
        <WORD coords="809,1832,827,1808" x-confidence="96">it</WORD>
        <WORD coords="864,1832,885,1807" x-confidence="96">is</WORD>
        <WORD coords="923,1832,937,1816" x-confidence="88">a</WORD>
        <WORD coords="975,1833,1026,1808" x-confidence="88">fact</WORD>
        <WORD coords="1063,1832,1114,1807" x-confidence="81">that</WORD>
        <WORD coords="1151,1833,1192,1808" x-confidence="81">the</WORD>
       </LINE>
       <LINE>
        <WORD coords="544,1875,720,1850" x-confidence="96">Government</WORD>
        <WORD coords="736,1875,768,1850" x-confidence="96">of</WORD>
        <WORD coords="780,1874,885,1850" x-confidence="96">Andhra</WORD>
        <WORD coords="901,1875,1012,1850" x-confidence="96">Pradesh</WORD>
        <WORD coords="1028,1875,1073,1849" x-confidence="96">has</WORD>
        <WORD coords="1091,1882,1193,1850" x-confidence="96">already</WORD>
       </LINE>
       <LINE>
        <WORD coords="544,1923,665,1890" x-confidence="96">acquired</WORD>
        <WORD coords="679,1915,711,1891" x-confidence="96">23</WORD>
        <WORD coords="728,1916,798,1899" x-confidence="96">acres</WORD>
        <WORD coords="815,1916,847,1890" x-confidence="96">of</WORD>
        <WORD coords="858,1916,917,1890" x-confidence="96">land</WORD>
        <WORD coords="932,1916,972,1891" x-confidence="96">for</WORD>
        <WORD coords="987,1923,1079,1891" x-confidence="97">setting</WORD>
        <WORD coords="1094,1923,1127,1899" x-confidence="96">up</WORD>
        <WORD coords="1143,1916,1192,1891" x-confidence="96">this</WORD>
       </LINE>
       <LINE>
        <WORD coords="544,1957,629,1935" x-confidence="96">centre</WORD>
        <WORD coords="654,1956,704,1932" x-confidence="96">and</WORD>
        <WORD coords="727,1957,829,1931" x-confidence="96">handed</WORD>
        <WORD coords="853,1957,915,1940" x-confidence="96">over</WORD>
        <WORD coords="939,1957,980,1931" x-confidence="96">the</WORD>
        <WORD coords="1006,1957,1075,1940" x-confidence="96">same</WORD>
        <WORD coords="1100,1957,1126,1935" x-confidence="96">to</WORD>
        <WORD coords="1151,1957,1192,1932" x-confidence="95">the</WORD>
       </LINE>
      </PARAGRAPH>
     </REGION>
    </PAGECOLUMN>
    <PAGECOLUMN>
     <REGION>
      <PARAGRAPH>
       <LINE>
        <WORD coords="544,1999,664,1974" x-confidence="96">National</WORD>
        <WORD coords="680,1999,760,1974" x-confidence="94">Small</WORD>
        <WORD coords="776,1999,912,1973" x-confidence="94">Industries</WORD>
        <WORD coords="956,2006,1125,1974" x-confidence="84">Corporation</WORD>
        <WORD coords="1168,1998,1193,1974" x-confidence="84">in</WORD>
       </LINE>
       <LINE>
        <WORD coords="548,2045,622,2015" x-confidence="0">975;</WORD>
        <WORD coords="651,2040,701,2014" x-confidence="96">and</WORD>
       </LINE>
      </PARAGRAPH>
     </REGION>
    </PAGECOLUMN>
    <PAGECOLUMN>
     <REGION>
      <PARAGRAPH>
       <LINE>
        <WORD coords="586,2120,623,2089" x-confidence="90">(c)</WORD>
        <WORD coords="660,2114,729,2089" x-confidence="61">ifso.</WORD>
        <WORD coords="743,2114,785,2089" x-confidence="96">the</WORD>
        <WORD coords="799,2121,868,2092" x-confidence="96">stage</WORD>
        <WORD coords="882,2113,907,2092" x-confidence="96">at</WORD>
        <WORD coords="918,2114,1004,2088" x-confidence="96">which</WORD>
        <WORD coords="1017,2114,1058,2088" x-confidence="96">the</WORD>
        <WORD coords="1071,2114,1160,2092" x-confidence="96">matter</WORD>
        <WORD coords="1173,2114,1194,2089" x-confidence="96">is</WORD>
       </LINE>
       <LINE>
        <WORD coords="544,2163,638,2131" x-confidence="96">resting</WORD>
        <WORD coords="651,2155,675,2134" x-confidence="96">at</WORD>
        <WORD coords="685,2163,787,2134" x-confidence="97">present</WORD>
        <WORD coords="799,2156,848,2130" x-confidence="96">and</WORD>
        <WORD coords="860,2156,901,2131" x-confidence="96">the</WORD>
        <WORD coords="913,2156,1017,2139" x-confidence="96">reasons</WORD>
        <WORD coords="1030,2156,1070,2131" x-confidence="97">for</WORD>
        <WORD coords="1081,2163,1157,2130" x-confidence="96">delay</WORD>
        <WORD coords="1169,2155,1194,2131" x-confidence="96">in</WORD>
       </LINE>
       <LINE>
        <WORD coords="544,2204,631,2171" x-confidence="96">taking</WORD>
        <WORD coords="648,2196,662,2180" x-confidence="96">a</WORD>
        <WORD coords="679,2196,742,2172" x-confidence="96">final</WORD>
        <WORD coords="759,2197,875,2172" x-confidence="96">decision</WORD>
        <WORD coords="892,2196,932,2172" x-confidence="96">for</WORD>
        <WORD coords="949,2204,1041,2172" x-confidence="96">setting</WORD>
        <WORD coords="1057,2204,1091,2180" x-confidence="96">up</WORD>
        <WORD coords="1108,2197,1140,2172" x-confidence="96">of</WORD>
        <WORD coords="1153,2196,1194,2171" x-confidence="96">the</WORD>
       </LINE>
       <LINE>
        <WORD coords="543,2245,677,2216" x-confidence="96">prototype</WORD>
        <WORD coords="689,2245,870,2212" x-confidence="96">development</WORD>
        <WORD coords="881,2238,930,2213" x-confidence="96">and</WORD>
        <WORD coords="941,2245,1049,2213" x-confidence="96">training</WORD>
        <WORD coords="1060,2238,1144,2217" x-confidence="96">centre</WORD>
        <WORD coords="1156,2238,1196,2213" x-confidence="96">for</WORD>
       </LINE>
       <LINE>
        <WORD coords="545,2280,694,2255" x-confidence="96">electronics</WORD>
        <WORD coords="706,2279,730,2258" x-confidence="93">at</WORD>
        <WORD coords="740,2287,915,2254" x-confidence="91">Kushaiguda,</WORD>
        <WORD coords="926,2287,1094,2255" x-confidence="96">Hyderabad?</WORD>
       </LINE>
      </PARAGRAPH>
      <PARAGRAPH>
       <LINE>
        <WORD coords="580,2340,647,2317" x-confidence="96">THE</WORD>
        <WORD coords="673,2341,839,2316" x-confidence="96">MINISTER</WORD>
        <WORD coords="865,2341,907,2316" x-confidence="96">OF</WORD>
        <WORD coords="935,2341,1042,2316" x-confidence="95">STATE</WORD>
        <WORD coords="1068,2340,1102,2317" x-confidence="94">IN</WORD>
        <WORD coords="1130,2340,1196,2317" x-confidence="96">THE</WORD>
       </LINE>
       <LINE>
        <WORD coords="548,2381,783,2357" x-confidence="96">DEPARTMENT</WORD>
        <WORD coords="863,2382,906,2357" x-confidence="96">OF</WORD>
        <WORD coords="986,2382,1196,2357" x-confidence="96">INDUSTRIAL</WORD>
       </LINE>
       <LINE>
        <WORD coords="548,2423,807,2398" x-confidence="96">DEVELOPMENT</WORD>
        <WORD coords="890,2422,900,2399" x-confidence="96">I</WORD>
        <WORD coords="984,2429,1074,2398" x-confidence="96">(SHRI</WORD>
        <WORD coords="1158,2422,1195,2399" x-confidence="92">M.</WORD>
       </LINE>
       <LINE>
        <WORD coords="548,2471,845,2440" x-confidence="87">ARUNACHALAM);</WORD>
        <WORD coords="857,2471,893,2440" x-confidence="96">(a)</WORD>
        <WORD coords="905,2465,954,2439" x-confidence="92">and</WORD>
        <WORD coords="965,2471,1003,2440" x-confidence="92">(b)</WORD>
        <WORD coords="1015,2470,1075,2441" x-confidence="96">Yes,</WORD>
        <WORD coords="1088,2465,1133,2439" x-confidence="96">Sir.</WORD>
       </LINE>
      </PARAGRAPH>
     </REGION>
    </PAGECOLUMN>
    <PAGECOLUMN>
     <REGION>
      <PARAGRAPH>
       <LINE x-struct="textfloat">
        <WORD coords="1026,321,1033,290" x-confidence="78">[</WORD>
        <WORD coords="1044,314,1076,290" x-confidence="78">28</WORD>
        <WORD coords="1088,314,1188,290" x-confidence="93">APRIL</WORD>
        <WORD coords="1203,314,1267,290" x-confidence="0">986</WORD>
        <WORD coords="1279,321,1287,290" x-confidence="89">]</WORD>
       </LINE>
      </PARAGRAPH>
     </REGION>
    </PAGECOLUMN>
    <PAGECOLUMN>
     <REGION>
      <PARAGRAPH>
       <LINE>
        <WORD coords="1521,314,1546,294" x-confidence="96">to</WORD>
        <WORD coords="1558,321,1696,290" x-confidence="96">Questions</WORD>
        <WORD coords="1873,315,1905,290" x-confidence="96">98</WORD>
       </LINE>
      </PARAGRAPH>
     </REGION>
    </PAGECOLUMN>
    <PAGECOLUMN>
     <REGION>
      <PARAGRAPH>
       <LINE>
        <WORD coords="1336,424,1372,393" x-confidence="92">(c)</WORD>
        <WORD coords="1388,418,1440,392" x-confidence="96">The</WORD>
        <WORD coords="1455,425,1575,393" x-confidence="96">proposal</WORD>
        <WORD coords="1589,417,1640,393" x-confidence="96">had</WORD>
        <WORD coords="1653,418,1719,393" x-confidence="96">been</WORD>
        <WORD coords="1733,418,1844,393" x-confidence="96">referred</WORD>
        <WORD coords="1858,417,1883,396" x-confidence="96">to</WORD>
        <WORD coords="1899,418,1940,392" x-confidence="96">the</WORD>
       </LINE>
       <LINE>
        <WORD coords="1291,466,1415,433" x-confidence="96">Planning</WORD>
        <WORD coords="1436,459,1614,433" x-confidence="96">Commission</WORD>
        <WORD coords="1635,459,1694,434" x-confidence="95">who</WORD>
        <WORD coords="1716,459,1781,433" x-confidence="96">have</WORD>
        <WORD coords="1804,466,1941,434" x-confidence="96">suggested</WORD>
       </LINE>
       <LINE>
        <WORD coords="1291,499,1343,475" x-confidence="92">that</WORD>
        <WORD coords="1370,500,1392,472" x-confidence="76">“s</WORD>
        <WORD coords="1421,500,1489,474" x-confidence="96">there</WORD>
        <WORD coords="1517,500,1584,483" x-confidence="96">were</WORD>
        <WORD coords="1613,499,1628,483" x-confidence="95">a</WORD>
        <WORD coords="1654,500,1762,475" x-confidence="95">number</WORD>
        <WORD coords="1789,500,1821,475" x-confidence="90">of</WORD>
        <WORD coords="1845,499,1942,475" x-confidence="90">similar</WORD>
       </LINE>
       <LINE>
        <WORD coords="1290,549,1424,516" x-confidence="96">proposals</WORD>
        <WORD coords="1438,542,1487,517" x-confidence="96">and</WORD>
        <WORD coords="1500,541,1526,517" x-confidence="97">in</WORD>
        <WORD coords="1539,542,1613,516" x-confidence="96">order</WORD>
        <WORD coords="1624,541,1649,520" x-confidence="96">to</WORD>
        <WORD coords="1663,542,1740,517" x-confidence="96">avoid</WORD>
        <WORD coords="1753,549,1910,516" x-confidence="94">duplication</WORD>
        <WORD coords="1923,541,1941,517" x-confidence="94">it</WORD>
       </LINE>
       <LINE>
        <WORD coords="1291,583,1378,558" x-confidence="96">would</WORD>
        <WORD coords="1393,583,1425,557" x-confidence="96">be</WORD>
        <WORD coords="1441,583,1566,557" x-confidence="96">desirable</WORD>
        <WORD coords="1583,582,1607,557" x-confidence="96">if</WORD>
        <WORD coords="1618,582,1633,566" x-confidence="96">a</WORD>
        <WORD coords="1648,583,1715,558" x-confidence="96">view</WORD>
        <WORD coords="1731,583,1765,566" x-confidence="96">on</WORD>
        <WORD coords="1780,582,1822,557" x-confidence="96">the</WORD>
        <WORD coords="1837,583,1939,558" x-confidence="96">various</WORD>
       </LINE>
       <LINE>
        <WORD coords="1290,631,1424,598" x-confidence="96">proposals</WORD>
        <WORD coords="1456,629,1472,599" x-confidence="95">i,</WORD>
        <WORD coords="1503,624,1578,599" x-confidence="96">taken</WORD>
        <WORD coords="1609,623,1635,599" x-confidence="95">in</WORD>
        <WORD coords="1665,623,1680,607" x-confidence="96">a</WORD>
        <WORD coords="1709,631,1822,599" x-confidence="96">meeting</WORD>
        <WORD coords="1852,624,1877,602" x-confidence="96">to</WORD>
        <WORD coords="1908,624,1940,598" x-confidence="96">be</WORD>
       </LINE>
       <LINE>
        <WORD coords="1291,666,1425,641" x-confidence="96">convened</WORD>
        <WORD coords="1434,673,1469,641" x-confidence="96">by</WORD>
        <WORD coords="1479,666,1520,641" x-confidence="96">the</WORD>
        <WORD coords="1531,673,1696,642" x-confidence="75">Department</WORD>
        <WORD coords="1724,666,1755,641" x-confidence="75">of</WORD>
        <WORD coords="1762,666,1926,640" x-confidence="96">Electronics.</WORD>
       </LINE>
      </PARAGRAPH>
     </REGION>
    </PAGECOLUMN>
    <PAGECOLUMN>
     <REGION>
      <PARAGRAPH>
       <LINE>
        <WORD coords="1295,747,1423,717" x-confidence="96">Product,</WORD>
        <WORD coords="1456,750,1550,717" x-confidence="96">design</WORD>
        <WORD coords="1582,742,1637,717" x-confidence="96">and</WORD>
        <WORD coords="1669,750,1860,717" x-confidence="96">development</WORD>
        <WORD coords="1892,742,1947,717" x-confidence="96">and</WORD>
       </LINE>
       <LINE>
        <WORD coords="1329,785,1431,761" x-confidence="96">service</WORD>
        <WORD coords="1442,791,1529,765" x-confidence="96">centr,</WORD>
        <WORD coords="1538,785,1567,761" x-confidence="96">in</WORD>
        <WORD coords="1577,785,1693,760" x-confidence="95">Andhra</WORD>
        <WORD coords="1703,785,1826,760" x-confidence="96">Pradesh</WORD>
       </LINE>
      </PARAGRAPH>
     </REGION>
    </PAGECOLUMN>
    <PAGECOLUMN>
     <REGION>
      <PARAGRAPH>
       <LINE>
        <WORD coords="1331,849,1384,825" x-confidence="96">523.</WORD>
        <WORD coords="1412,850,1488,825" x-confidence="96">SHRI</WORD>
        <WORD coords="1550,849,1579,826" x-confidence="92">B.</WORD>
        <WORD coords="1644,850,1934,825" x-confidence="90">SATYANARAYAN</WORD>
       </LINE>
       <LINE>
        <WORD coords="1295,890,1422,867" x-confidence="96">REDDY:</WORD>
        <WORD coords="1471,891,1531,865" x-confidence="89">Will</WORD>
        <WORD coords="1576,891,1617,866" x-confidence="89">the</WORD>
        <WORD coords="1663,891,1782,865" x-confidence="87">Minister</WORD>
        <WORD coords="1827,891,1859,865" x-confidence="94">of</WORD>
        <WORD coords="1900,890,1934,867" x-confidence="93">IN</WORD>
       </LINE>
       <LINE>
        <WORD coords="1295,933,1433,908" x-confidence="96">DUSTRY</WORD>
        <WORD coords="1444,933,1476,907" x-confidence="96">be</WORD>
        <WORD coords="1486,940,1592,908" x-confidence="95">pleased</WORD>
        <WORD coords="1601,933,1626,911" x-confidence="93">to</WORD>
        <WORD coords="1638,933,1721,911" x-confidence="92">state.-</WORD>
       </LINE>
      </PARAGRAPH>
     </REGION>
    </PAGECOLUMN>
    <PAGECOLUMN>
     <REGION>
      <PARAGRAPH>
       <LINE>
        <WORD coords="1328,1005,1364,974" x-confidence="96">(a)</WORD>
        <WORD coords="1376,999,1489,973" x-confidence="96">whether</WORD>
        <WORD coords="1500,998,1518,974" x-confidence="96">it</WORD>
        <WORD coords="1529,999,1550,974" x-confidence="95">is</WORD>
        <WORD coords="1562,998,1577,982" x-confidence="95">a</WORD>
        <WORD coords="1588,999,1639,974" x-confidence="96">fact</WORD>
        <WORD coords="1650,998,1702,974" x-confidence="96">that</WORD>
        <WORD coords="1712,999,1753,974" x-confidence="96">the</WORD>
        <WORD coords="1765,999,1940,974" x-confidence="96">Government</WORD>
       </LINE>
       <LINE>
        <WORD coords="1296,1040,1328,1015" x-confidence="96">of</WORD>
        <WORD coords="1347,1040,1453,1015" x-confidence="96">Andhra</WORD>
        <WORD coords="1477,1040,1588,1015" x-confidence="96">Pradesh</WORD>
        <WORD coords="1612,1047,1746,1015" x-confidence="96">requested</WORD>
        <WORD coords="1771,1040,1812,1014" x-confidence="96">the</WORD>
        <WORD coords="1837,1040,1939,1015" x-confidence="96">Central</WORD>
       </LINE>
       <LINE>
        <WORD coords="1296,1081,1471,1056" x-confidence="96">Government</WORD>
        <WORD coords="1517,1080,1542,1056" x-confidence="94">in</WORD>
        <WORD coords="1588,1081,1651,1057" x-confidence="90">June</WORD>
        <WORD coords="1701,1081,1765,1056" x-confidence="0">982</WORD>
        <WORD coords="1813,1081,1852,1055" x-confidence="81">for</WORD>
        <WORD coords="1898,1081,1939,1055" x-confidence="96">the</WORD>
       </LINE>
       <LINE>
        <WORD coords="1296,1123,1488,1097" x-confidence="96">establishment</WORD>
        <WORD coords="1506,1123,1538,1098" x-confidence="96">of</WORD>
        <WORD coords="1553,1122,1567,1106" x-confidence="96">a</WORD>
        <WORD coords="1585,1123,1647,1097" x-confidence="96">field</WORD>
        <WORD coords="1666,1123,1758,1097" x-confidence="96">station</WORD>
        <WORD coords="1776,1123,1816,1098" x-confidence="96">for</WORD>
        <WORD coords="1832,1130,1940,1098" x-confidence="96">product</WORD>
       </LINE>
       <LINE>
        <WORD coords="1296,1171,1386,1138" x-confidence="96">design</WORD>
        <WORD coords="1398,1163,1448,1139" x-confidence="96">and</WORD>
        <WORD coords="1460,1171,1641,1138" x-confidence="95">development</WORD>
        <WORD coords="1652,1164,1702,1139" x-confidence="96">and</WORD>
        <WORD coords="1714,1164,1812,1139" x-confidence="96">service</WORD>
        <WORD coords="1824,1169,1904,1142" x-confidence="96">centr,</WORD>
        <WORD coords="1916,1163,1940,1143" x-confidence="96">at</WORD>
       </LINE>
       <LINE>
        <WORD coords="1296,1212,1487,1179" x-confidence="96">Rajahmundry</WORD>
        <WORD coords="1505,1204,1530,1180" x-confidence="96">in</WORD>
        <WORD coords="1549,1205,1654,1180" x-confidence="96">Andhra</WORD>
        <WORD coords="1672,1205,1782,1179" x-confidence="96">Pradesh</WORD>
        <WORD coords="1799,1205,1880,1180" x-confidence="96">under</WORD>
        <WORD coords="1898,1205,1939,1180" x-confidence="96">the</WORD>
       </LINE>
       <LINE>
        <WORD coords="1295,1254,1456,1230" x-confidence="96">programme</WORD>
        <WORD coords="1539,1247,1571,1222" x-confidence="96">of</WORD>
        <WORD coords="1650,1247,1789,1222" x-confidence="96">assistance</WORD>
        <WORD coords="1873,1247,1940,1221" x-confidence="96">from</WORD>
       </LINE>
       <LINE>
        <WORD coords="1297,1294,1519,1263" x-confidence="89">UNDP|UNIDO;</WORD>
       </LINE>
      </PARAGRAPH>
     </REGION>
    </PAGECOLUMN>
    <PAGECOLUMN>
     <REGION>
      <PARAGRAPH>
       <LINE>
        <WORD coords="1339,1362,1377,1331" x-confidence="92">(b)</WORD>
        <WORD coords="1410,1356,1523,1331" x-confidence="96">whether</WORD>
        <WORD coords="1537,1356,1578,1331" x-confidence="96">the</WORD>
        <WORD coords="1594,1356,1698,1331" x-confidence="96">scheme</WORD>
        <WORD coords="1713,1356,1734,1331" x-confidence="96">is</WORD>
        <WORD coords="1750,1356,1800,1330" x-confidence="96">still</WORD>
        <WORD coords="1816,1363,1940,1331" x-confidence="96">(pending</WORD>
       </LINE>
       <LINE>
        <WORD coords="1298,1396,1362,1371" x-confidence="91">wfth</WORD>
        <WORD coords="1375,1403,1422,1371" x-confidence="90">|th*</WORD>
        <WORD coords="1436,1397,1538,1372" x-confidence="96">Central</WORD>
        <WORD coords="1550,1397,1725,1372" x-confidence="94">Government</WORD>
        <WORD coords="1747,1397,1787,1372" x-confidence="94">for</WORD>
        <WORD coords="1799,1402,1938,1372" x-confidence="96">clearance;</WORD>
       </LINE>
       <LINE>
        <WORD coords="1299,1438,1348,1412" x-confidence="96">and</WORD>
       </LINE>
      </PARAGRAPH>
     </REGION>
    </PAGECOLUMN>
    <PAGECOLUMN>
     <REGION>
      <PARAGRAPH>
       <LINE>
        <WORD coords="1339,1498,1375,1467" x-confidence="91">(c)</WORD>
        <WORD coords="1411,1491,1435,1467" x-confidence="53">if</WORD>
        <WORD coords="1446,1497,1482,1475" x-confidence="53">so,</WORD>
        <WORD coords="1498,1492,1539,1467" x-confidence="96">the</WORD>
        <WORD coords="1553,1499,1655,1470" x-confidence="96">present</WORD>
        <WORD coords="1670,1499,1740,1470" x-confidence="96">stage</WORD>
        <WORD coords="1755,1492,1787,1466" x-confidence="97">of</WORD>
        <WORD coords="1796,1492,1838,1466" x-confidence="96">the</WORD>
        <WORD coords="1853,1491,1942,1470" x-confidence="96">matter</WORD>
       </LINE>
       <LINE>
        <WORD coords="1299,1533,1349,1507" x-confidence="96">and</WORD>
        <WORD coords="1366,1533,1407,1508" x-confidence="95">the</WORD>
        <WORD coords="1426,1537,1482,1508" x-confidence="89">tim,</WORD>
        <WORD coords="1500,1540,1534,1507" x-confidence="96">by</WORD>
        <WORD coords="1552,1533,1637,1507" x-confidence="96">which</WORD>
        <WORD coords="1655,1533,1696,1507" x-confidence="96">the</WORD>
        <WORD coords="1716,1533,1819,1508" x-confidence="96">scheme</WORD>
        <WORD coords="1837,1532,1891,1507" x-confidence="96">will</WORD>
        <WORD coords="1909,1533,1941,1507" x-confidence="96">be</WORD>
       </LINE>
       <LINE>
        <WORD coords="1299,1573,1399,1548" x-confidence="96">cleared</WORD>
        <WORD coords="1408,1580,1443,1548" x-confidence="96">by</WORD>
        <WORD coords="1453,1573,1494,1548" x-confidence="96">the</WORD>
        <WORD coords="1505,1573,1607,1548" x-confidence="95">Central</WORD>
        <WORD coords="1618,1573,1807,1548" x-confidence="95">Government?</WORD>
       </LINE>
      </PARAGRAPH>
     </REGION>
    </PAGECOLUMN>
    <PAGECOLUMN>
     <REGION>
      <PARAGRAPH>
       <LINE>
        <WORD coords="1333,1639,1400,1616" x-confidence="96">THE</WORD>
        <WORD coords="1427,1640,1593,1615" x-confidence="96">MINISTER</WORD>
        <WORD coords="1619,1640,1654,1616" x-confidence="95">oF</WORD>
        <WORD coords="1682,1640,1789,1615" x-confidence="95">STATE</WORD>
        <WORD coords="1816,1639,1850,1616" x-confidence="95">IN</WORD>
        <WORD coords="1879,1639,1946,1616" x-confidence="96">THE</WORD>
       </LINE>
       <LINE>
        <WORD coords="1298,1680,1533,1656" x-confidence="96">DEPARTMENT</WORD>
        <WORD coords="1613,1681,1655,1656" x-confidence="96">OF</WORD>
        <WORD coords="1736,1681,1946,1656" x-confidence="96">INDUSTRIAL</WORD>
       </LINE>
       <LINE>
        <WORD coords="1298,1722,1557,1697" x-confidence="96">DEVELOPMENT</WORD>
        <WORD coords="1687,1728,1777,1697" x-confidence="96">(SHRI</WORD>
        <WORD coords="1907,1721,1944,1698" x-confidence="88">M.</WORD>
       </LINE>
       <LINE>
        <WORD coords="1297,1770,1594,1739" x-confidence="84">ARUNACHALAM):</WORD>
        <WORD coords="1612,1770,1658,1739" x-confidence="91">(a)i</WORD>
        <WORD coords="1674,1764,1723,1738" x-confidence="93">and</WORD>
        <WORD coords="1739,1770,1765,1739" x-confidence="89">(b</WORD>
        <WORD coords="1781,1769,1842,1740" x-confidence="96">Yes,</WORD>
        <WORD coords="1859,1764,1905,1739" x-confidence="86">Sir.</WORD>
        <WORD coords="1921,1763,1946,1739" x-confidence="94">A</WORD>
       </LINE>
       <LINE>
        <WORD coords="1297,1812,1417,1779" x-confidence="96">proposal</WORD>
        <WORD coords="1438,1805,1478,1780" x-confidence="96">for</WORD>
        <WORD coords="1498,1812,1665,1779" x-confidence="96">establishing</WORD>
        <WORD coords="1685,1804,1700,1788" x-confidence="96">a</WORD>
        <WORD coords="1719,1805,1828,1780" x-confidence="96">Product</WORD>
        <WORD coords="1848,1812,1946,1780" x-confidence="96">Design</WORD>
       </LINE>
       <LINE>
        <WORD coords="1298,1846,1347,1820" x-confidence="96">and</WORD>
        <WORD coords="1375,1853,1564,1821" x-confidence="95">Development</WORD>
        <WORD coords="1592,1846,1641,1820" x-confidence="95">and</WORD>
        <WORD coords="1670,1846,1773,1821" x-confidence="96">Service</WORD>
        <WORD coords="1802,1846,1894,1821" x-confidence="95">Centre</WORD>
        <WORD coords="1923,1845,1947,1824" x-confidence="95">at</WORD>
       </LINE>
       <LINE>
        <WORD coords="1298,1895,1471,1862" x-confidence="91">Rajamundry</WORD>
        <WORD coords="1519,1887,1572,1871" x-confidence="18">was</WORD>
        <WORD coords="1621,1888,1740,1863" x-confidence="90">received</WORD>
        <WORD coords="1789,1888,1856,1862" x-confidence="53">from</WORD>
        <WORD coords="1904,1887,1945,1862" x-confidence="53">the</WORD>
       </LINE>
       <LINE>
        <WORD coords="1298,1929,1473,1904" x-confidence="92">Government</WORD>
        <WORD coords="1514,1929,1547,1904" x-confidence="92">of</WORD>
        <WORD coords="1584,1929,1689,1903" x-confidence="82">Andhra</WORD>
        <WORD coords="1731,1929,1849,1904" x-confidence="82">Pradesh.</WORD>
        <WORD coords="1892,1929,1945,1904" x-confidence="95">The</WORD>
       </LINE>
       <LINE>
        <WORD coords="1297,1977,1417,1945" x-confidence="95">proposal</WORD>
        <WORD coords="1429,1970,1482,1953" x-confidence="96">was</WORD>
        <WORD coords="1495,1970,1647,1945" x-confidence="96">considered</WORD>
        <WORD coords="1658,1970,1703,1945" x-confidence="96">but</WORD>
        <WORD coords="1715,1970,1792,1944" x-confidence="96">could</WORD>
        <WORD coords="1804,1970,1848,1948" x-confidence="96">not</WORD>
        <WORD coords="1859,1970,1891,1945" x-confidence="93">be</WORD>
        <WORD coords="1904,1970,1945,1953" x-confidence="93">ac-</WORD>
       </LINE>
       <LINE>
        <WORD coords="1298,2012,1479,1987" x-confidence="91">commodated</WORD>
        <WORD coords="1517,2012,1598,1986" x-confidence="95">under</WORD>
        <WORD coords="1637,2012,1679,1986" x-confidence="96">the</WORD>
        <WORD coords="1718,2019,1880,1995" x-confidence="92">programme</WORD>
        <WORD coords="1920,2012,1950,1987" x-confidence="92">cf</WORD>
       </LINE>
       <LINE>
        <WORD coords="1298,2053,1437,2028" x-confidence="96">assistance</WORD>
        <WORD coords="1448,2053,1515,2028" x-confidence="95">from</WORD>
        <WORD coords="1526,2053,1626,2029" x-confidence="95">UNDP.</WORD>
       </LINE>
      </PARAGRAPH>
     </REGION>
    </PAGECOLUMN>
    <PAGECOLUMN>
     <REGION>
      <PARAGRAPH>
       <LINE>
        <WORD coords="1335,2112,1371,2081" x-confidence="93">(c)</WORD>
        <WORD coords="1400,2106,1470,2082" x-confidence="96">Does</WORD>
        <WORD coords="1481,2106,1525,2084" x-confidence="96">not</WORD>
        <WORD coords="1535,2106,1607,2081" x-confidence="96">arise.</WORD>
       </LINE>
       <LINE>
        <WORD coords="1304,2171,1508,2138" x-confidence="87">Rehablitating</WORD>
        <WORD coords="1536,2168,1585,2138" x-confidence="41">,i.k</WORD>
        <WORD coords="1603,2163,1753,2138" x-confidence="93">Industrial</WORD>
        <WORD coords="1780,2163,1859,2139" x-confidence="93">Units</WORD>
       </LINE>
       <LINE>
        <WORD coords="1338,2226,1393,2202" x-confidence="94">524.</WORD>
        <WORD coords="1426,2227,1503,2202" x-confidence="96">SHRI</WORD>
        <WORD coords="1606,2227,1774,2202" x-confidence="92">GURUDAS</WORD>
        <WORD coords="1878,2227,1946,2202" x-confidence="96">DAS</WORD>
       </LINE>
      </PARAGRAPH>
     </REGION>
    </PAGECOLUMN>
    <PAGECOLUMN>
     <REGION>
      <PARAGRAPH>
       <LINE>
        <WORD coords="1304,2268,1427,2243" x-confidence="95">GUPTA:</WORD>
        <WORD coords="1477,2268,1537,2242" x-confidence="91">Will</WORD>
        <WORD coords="1584,2268,1625,2243" x-confidence="91">the</WORD>
        <WORD coords="1672,2268,1791,2243" x-confidence="84">Minister</WORD>
        <WORD coords="1837,2268,1869,2243" x-confidence="94">of</WORD>
        <WORD coords="1911,2267,1945,2244" x-confidence="89">IN</WORD>
       </LINE>
       <LINE>
        <WORD coords="1303,2309,1441,2284" x-confidence="96">DUSTRY</WORD>
        <WORD coords="1461,2309,1493,2284" x-confidence="96">be</WORD>
        <WORD coords="1521,2316,1626,2284" x-confidence="95">pleased</WORD>
        <WORD coords="1645,2309,1670,2288" x-confidence="95">to</WORD>
        <WORD coords="1690,2309,1760,2287" x-confidence="96">state:</WORD>
       </LINE>
      </PARAGRAPH>
     </REGION>
    </PAGECOLUMN>
    <PAGECOLUMN>
     <REGION>
      <PARAGRAPH>
       <LINE>
        <WORD coords="1344,2379,1381,2348" x-confidence="96">(a)</WORD>
        <WORD coords="1395,2373,1508,2347" x-confidence="96">whether</WORD>
        <WORD coords="1521,2372,1540,2348" x-confidence="96">it</WORD>
        <WORD coords="1554,2373,1574,2348" x-confidence="96">is</WORD>
        <WORD coords="1589,2372,1604,2356" x-confidence="96">a</WORD>
        <WORD coords="1617,2373,1669,2348" x-confidence="97">fact</WORD>
        <WORD coords="1682,2372,1734,2348" x-confidence="96">that</WORD>
        <WORD coords="1747,2373,1859,2349" x-confidence="96">Reserve</WORD>
        <WORD coords="1873,2372,1947,2347" x-confidence="96">Bank</WORD>
       </LINE>
       <LINE>
        <WORD coords="1303,2413,1334,2388" x-confidence="96">of</WORD>
        <WORD coords="1343,2413,1414,2387" x-confidence="96">India</WORD>
        <WORD coords="1426,2412,1472,2388" x-confidence="96">has</WORD>
        <WORD coords="1486,2413,1623,2387" x-confidence="96">submitted</WORD>
        <WORD coords="1636,2412,1650,2396" x-confidence="96">a</WORD>
        <WORD coords="1662,2413,1721,2392" x-confidence="96">note</WORD>
        <WORD coords="1734,2413,1760,2391" x-confidence="97">to</WORD>
        <WORD coords="1773,2413,1812,2387" x-confidence="96">his</WORD>
        <WORD coords="1826,2420,1946,2388" x-confidence="96">Ministry</WORD>
       </LINE>
       <LINE>
        <WORD coords="1303,2454,1336,2437" x-confidence="96">on</WORD>
        <WORD coords="1346,2453,1387,2429" x-confidence="96">the</WORD>
        <WORD coords="1398,2461,1526,2429" x-confidence="96">approach</WORD>
       </LINE>
      </PARAGRAPH>
     </REGION>
    </PAGECOLUMN>
   </HIDDENTEXT>
  </OBJECT>
  <MAP name="PQ_138_28041986_U524_p98_p99_0000.djvu"/>
  <OBJECT data="file://localhost/var/tmp/autoclean/derive/rsdebate.nic.in.323151/PQ_138_28041986_U524_p98_p99.djvu" type="image/x.djvu" usemap="PQ_138_28041986_U524_p98_p99_0001.djvu" width="2550" height="3301">
   <PARAM name="PAGE" value="PQ_138_28041986_U524_p98_p99_0001.djvu"/>
   <PARAM name="DPI" value="300"/>
   <HIDDENTEXT>
    <PAGECOLUMN>
     <REGION>
      <PARAGRAPH>
       <LINE>
        <WORD coords="639,315,670,290" x-confidence="96">99</WORD>
        <WORD coords="782,314,881,291" x-confidence="96">Written</WORD>
        <WORD coords="891,314,1011,290" x-confidence="96">Answers</WORD>
       </LINE>
      </PARAGRAPH>
     </REGION>
    </PAGECOLUMN>
    <PAGECOLUMN>
     <REGION>
      <PARAGRAPH>
       <LINE>
        <WORD coords="610,389,642,365" x-confidence="96">of</WORD>
        <WORD coords="662,390,837,365" x-confidence="96">Government</WORD>
        <WORD coords="862,390,911,365" x-confidence="96">and</WORD>
        <WORD coords="936,390,1111,365" x-confidence="96">Government</WORD>
        <WORD coords="1135,397,1254,365" x-confidence="96">agencies</WORD>
       </LINE>
       <LINE>
        <WORD coords="610,439,744,407" x-confidence="96">regarding</WORD>
        <WORD coords="765,439,952,406" x-confidence="96">rehabilitating</WORD>
        <WORD coords="974,432,1015,407" x-confidence="96">the</WORD>
        <WORD coords="1039,432,1100,407" x-confidence="96">Sick</WORD>
        <WORD coords="1121,432,1254,406" x-confidence="96">Industrial</WORD>
       </LINE>
       <LINE>
        <WORD coords="611,480,693,450" x-confidence="96">Units;</WORD>
       </LINE>
      </PARAGRAPH>
     </REGION>
    </PAGECOLUMN>
    <PAGECOLUMN>
     <REGION>
      <PARAGRAPH>
       <LINE>
        <WORD coords="656,558,695,527" x-confidence="63">(b)</WORD>
        <WORD coords="730,557,797,527" x-confidence="63">ifso,</WORD>
        <WORD coords="808,551,876,526" x-confidence="96">what</WORD>
        <WORD coords="886,552,927,535" x-confidence="96">are</WORD>
        <WORD coords="938,552,979,527" x-confidence="96">the</WORD>
        <WORD coords="990,552,1080,527" x-confidence="96">details</WORD>
        <WORD coords="1091,557,1197,526" x-confidence="89">thereof;</WORD>
       </LINE>
      </PARAGRAPH>
     </REGION>
    </PAGECOLUMN>
    <PAGECOLUMN>
     <REGION>
      <PARAGRAPH>
       <LINE>
        <WORD coords="656,638,693,607" x-confidence="93">(c)</WORD>
        <WORD coords="729,632,842,607" x-confidence="96">whether</WORD>
        <WORD coords="862,632,1037,607" x-confidence="96">Government</WORD>
        <WORD coords="1055,631,1121,607" x-confidence="96">have</WORD>
        <WORD coords="1141,639,1263,606" x-confidence="96">accepted</WORD>
       </LINE>
       <LINE>
        <WORD coords="612,674,653,649" x-confidence="96">the</WORD>
        <WORD coords="663,681,791,648" x-confidence="96">approach</WORD>
        <WORD coords="802,674,916,649" x-confidence="96">outlined</WORD>
        <WORD coords="926,673,952,649" x-confidence="96">in</WORD>
        <WORD coords="962,674,1003,649" x-confidence="96">the</WORD>
        <WORD coords="1015,674,1070,649" x-confidence="96">said</WORD>
        <WORD coords="1080,679,1147,652" x-confidence="96">note;</WORD>
        <WORD coords="1159,674,1209,649" x-confidence="96">and</WORD>
       </LINE>
      </PARAGRAPH>
     </REGION>
    </PAGECOLUMN>
    <PAGECOLUMN>
     <REGION>
      <PARAGRAPH>
       <LINE>
        <WORD coords="661,757,699,726" x-confidence="90">(d)</WORD>
        <WORD coords="739,750,763,726" x-confidence="95">if</WORD>
        <WORD coords="798,756,850,729" x-confidence="88">not,</WORD>
        <WORD coords="890,750,958,726" x-confidence="96">what</WORD>
        <WORD coords="998,751,1039,734" x-confidence="96">are</WORD>
        <WORD coords="1079,751,1120,725" x-confidence="77">the</WORD>
        <WORD coords="1160,751,1263,734" x-confidence="77">reasons</WORD>
       </LINE>
       <LINE>
        <WORD coords="623,793,748,768" x-confidence="96">therefor?</WORD>
       </LINE>
      </PARAGRAPH>
     </REGION>
    </PAGECOLUMN>
    <PAGECOLUMN>
     <REGION>
      <PARAGRAPH>
       <LINE>
        <WORD coords="658,881,725,858" x-confidence="95">THE</WORD>
        <WORD coords="749,882,915,857" x-confidence="95">MINISTER</WORD>
        <WORD coords="939,882,982,857" x-confidence="96">OF</WORD>
        <WORD coords="1009,882,1115,857" x-confidence="96">STATE</WORD>
        <WORD coords="1140,881,1174,858" x-confidence="95">IN</WORD>
        <WORD coords="1201,881,1267,858" x-confidence="95">THE</WORD>
       </LINE>
       <LINE>
        <WORD coords="624,922,859,898" x-confidence="96">DEPARTMENT</WORD>
        <WORD coords="937,923,979,898" x-confidence="95">OF</WORD>
        <WORD coords="1058,923,1267,898" x-confidence="96">INDUSTRIAL</WORD>
       </LINE>
       <LINE>
        <WORD coords="624,965,883,940" x-confidence="96">DEVELOPMENT</WORD>
        <WORD coords="1011,971,1101,940" x-confidence="96">(SHRI</WORD>
        <WORD coords="1229,964,1266,941" x-confidence="91">M.</WORD>
       </LINE>
       <LINE>
        <WORD coords="623,1012,919,981" x-confidence="87">ARUNACHALAM):</WORD>
        <WORD coords="959,1012,995,981" x-confidence="93">(a)</WORD>
        <WORD coords="1015,1011,1065,982" x-confidence="96">No,</WORD>
        <WORD coords="1078,1006,1123,981" x-confidence="96">Sir.</WORD>
       </LINE>
      </PARAGRAPH>
      <PARAGRAPH>
       <LINE>
        <WORD coords="665,1054,703,1023" x-confidence="92">(b)</WORD>
        <WORD coords="723,1048,748,1026" x-confidence="92">to</WORD>
        <WORD coords="777,1054,815,1023" x-confidence="91">(d)</WORD>
        <WORD coords="844,1048,885,1024" x-confidence="95">Do</WORD>
        <WORD coords="896,1047,940,1026" x-confidence="51">not</WORD>
        <WORD coords="950,1048,1022,1023" x-confidence="51">arise.</WORD>
       </LINE>
      </PARAGRAPH>
     </REGION>
    </PAGECOLUMN>
    <PAGECOLUMN>
     <REGION>
      <PARAGRAPH>
       <LINE>
        <WORD coords="687,1122,773,1097" x-confidence="92">Lohia</WORD>
        <WORD coords="783,1122,927,1097" x-confidence="93">Machines</WORD>
        <WORD coords="937,1127,1008,1097" x-confidence="92">Ltd.,</WORD>
        <WORD coords="1019,1130,1137,1099" x-confidence="96">Kanpur</WORD>
       </LINE>
      </PARAGRAPH>
     </REGION>
    </PAGECOLUMN>
    <PAGECOLUMN>
     <REGION>
      <PARAGRAPH>
       <LINE>
        <WORD coords="664,1196,721,1172" x-confidence="96">525.</WORD>
        <WORD coords="757,1197,834,1172" x-confidence="96">SHRI</WORD>
        <WORD coords="867,1196,926,1173" x-confidence="90">BIR</WORD>
        <WORD coords="958,1196,1105,1172" x-confidence="90">BHADRA</WORD>
        <WORD coords="1139,1196,1272,1172" x-confidence="96">PRATAP</WORD>
       </LINE>
       <LINE>
        <WORD coords="630,1244,743,1214" x-confidence="95">SINGH;</WORD>
        <WORD coords="757,1238,818,1214" x-confidence="96">Will</WORD>
        <WORD coords="830,1239,871,1213" x-confidence="96">the</WORD>
        <WORD coords="883,1239,1002,1213" x-confidence="95">Minister</WORD>
        <WORD coords="1013,1239,1045,1214" x-confidence="96">of</WORD>
        <WORD coords="1052,1239,1228,1214" x-confidence="96">INDUSTRY</WORD>
        <WORD coords="1240,1239,1272,1213" x-confidence="96">be</WORD>
       </LINE>
       <LINE>
        <WORD coords="628,1289,733,1257" x-confidence="96">pleased</WORD>
        <WORD coords="743,1282,768,1260" x-confidence="97">to</WORD>
        <WORD coords="780,1282,850,1260" x-confidence="97">state:</WORD>
       </LINE>
      </PARAGRAPH>
     </REGION>
    </PAGECOLUMN>
    <PAGECOLUMN>
     <REGION>
      <PARAGRAPH>
       <LINE>
        <WORD coords="667,1367,703,1336" x-confidence="96">(a)</WORD>
        <WORD coords="738,1361,851,1336" x-confidence="95">whether</WORD>
        <WORD coords="890,1360,908,1336" x-confidence="94">it</WORD>
        <WORD coords="948,1361,969,1336" x-confidence="94">is</WORD>
        <WORD coords="1009,1360,1024,1344" x-confidence="59">a</WORD>
        <WORD coords="1033,1372,1037,1332" x-confidence="59">_</WORD>
        <WORD coords="1063,1361,1114,1336" x-confidence="76">fact</WORD>
        <WORD coords="1153,1360,1205,1336" x-confidence="68">that</WORD>
        <WORD coords="1244,1361,1285,1336" x-confidence="68">the</WORD>
       </LINE>
       <LINE>
        <WORD coords="629,1401,710,1377" x-confidence="92">Lohia</WORD>
        <WORD coords="752,1402,887,1377" x-confidence="75">Machines</WORD>
        <WORD coords="931,1407,1049,1377" x-confidence="75">Limited,</WORD>
        <WORD coords="1093,1409,1198,1378" x-confidence="89">Kanpur</WORD>
        <WORD coords="1240,1402,1285,1377" x-confidence="73">has</WORD>
       </LINE>
       <LINE>
        <WORD coords="629,1444,755,1418" x-confidence="93">collected</WORD>
        <WORD coords="789,1444,866,1419" x-confidence="95">about</WORD>
        <WORD coords="900,1444,943,1420" x-confidence="96">Rs.</WORD>
        <WORD coords="1017,1443,1062,1419" x-confidence="0">ll5</WORD>
        <WORD coords="1099,1444,1183,1427" x-confidence="72">crores</WORD>
        <WORD coords="1219,1443,1286,1418" x-confidence="72">from</WORD>
       </LINE>
       <LINE>
        <WORD coords="629,1485,670,1459" x-confidence="95">the</WORD>
        <WORD coords="710,1492,796,1459" x-confidence="94">public</WORD>
        <WORD coords="838,1492,936,1459" x-confidence="95">against</WORD>
        <WORD coords="975,1492,1090,1459" x-confidence="96">booking</WORD>
        <WORD coords="1131,1485,1163,1460" x-confidence="96">of</WORD>
        <WORD coords="1199,1492,1286,1461" x-confidence="96">Vespa</WORD>
       </LINE>
       <LINE>
        <WORD coords="628,1525,674,1502" x-confidence="86">XE</WORD>
        <WORD coords="694,1526,812,1501" x-confidence="86">Seooters</WORD>
        <WORD coords="823,1525,850,1509" x-confidence="96">as</WORD>
        <WORD coords="862,1525,942,1500" x-confidence="96">initial</WORD>
        <WORD coords="952,1533,1061,1501" x-confidence="96">deposit;</WORD>
       </LINE>
      </PARAGRAPH>
     </REGION>
    </PAGECOLUMN>
    <PAGECOLUMN>
     <REGION>
      <PARAGRAPH>
       <LINE>
        <WORD coords="672,1611,710,1579" x-confidence="91">(b)</WORD>
        <WORD coords="751,1604,865,1579" x-confidence="90">whether</WORD>
        <WORD coords="880,1605,923,1584" x-confidence="95">out</WORD>
        <WORD coords="939,1605,971,1580" x-confidence="95">of</WORD>
        <WORD coords="982,1605,1023,1580" x-confidence="96">the</WORD>
        <WORD coords="1039,1605,1177,1579" x-confidence="96">collection</WORD>
        <WORD coords="1192,1604,1207,1588" x-confidence="95">a</WORD>
        <WORD coords="1223,1605,1279,1588" x-confidence="96">sum</WORD>
       </LINE>
       <LINE>
        <WORD coords="634,1648,665,1623" x-confidence="96">of</WORD>
        <WORD coords="678,1648,749,1631" x-confidence="96">more</WORD>
        <WORD coords="767,1647,826,1623" x-confidence="96">than</WORD>
        <WORD coords="843,1648,886,1624" x-confidence="93">Rs.</WORD>
        <WORD coords="906,1648,947,1623" x-confidence="0">9-l</WORD>
        <WORD coords="969,1648,1053,1631" x-confidence="96">crores</WORD>
        <WORD coords="1070,1648,1120,1622" x-confidence="96">had</WORD>
        <WORD coords="1136,1648,1203,1623" x-confidence="96">been</WORD>
        <WORD coords="1219,1655,1280,1623" x-confidence="96">kept</WORD>
       </LINE>
       <LINE>
        <WORD coords="633,1689,695,1665" x-confidence="97">with</WORD>
        <WORD coords="705,1690,746,1664" x-confidence="96">the</WORD>
        <WORD coords="758,1697,886,1673" x-confidence="96">company</WORD>
        <WORD coords="897,1689,924,1673" x-confidence="96">as</WORD>
        <WORD coords="935,1690,969,1673" x-confidence="92">on</WORD>
        <WORD coords="980,1689,1037,1665" x-confidence="0">3lst</WORD>
        <WORD coords="1047,1695,1198,1665" x-confidence="92">December,</WORD>
        <WORD coords="1228,1689,1277,1665" x-confidence="0">985</WORD>
       </LINE>
       <LINE>
        <WORD coords="634,1732,683,1707" x-confidence="96">and</WORD>
        <WORD coords="697,1739,786,1706" x-confidence="93">totally</WORD>
        <WORD coords="799,1732,953,1707" x-confidence="92">misutilised</WORD>
        <WORD coords="967,1739,1066,1707" x-confidence="96">against</WORD>
        <WORD coords="1079,1732,1120,1707" x-confidence="96">the</WORD>
        <WORD coords="1135,1732,1237,1707" x-confidence="96">interest</WORD>
        <WORD coords="1251,1732,1283,1707" x-confidence="96">of</WORD>
       </LINE>
       <LINE>
        <WORD coords="633,1782,785,1750" x-confidence="96">production</WORD>
        <WORD coords="801,1775,833,1750" x-confidence="96">of</WORD>
        <WORD coords="844,1774,886,1749" x-confidence="96">the</WORD>
        <WORD coords="902,1782,1030,1758" x-confidence="96">company</WORD>
        <WORD coords="1046,1775,1135,1749" x-confidence="96">and/or</WORD>
        <WORD coords="1150,1775,1191,1750" x-confidence="96">the</WORD>
        <WORD coords="1208,1775,1278,1758" x-confidence="96">same</WORD>
       </LINE>
       <LINE>
        <WORD coords="633,1817,678,1792" x-confidence="96">has</WORD>
        <WORD coords="692,1817,759,1792" x-confidence="96">been</WORD>
        <WORD coords="773,1817,887,1791" x-confidence="96">diverted</WORD>
        <WORD coords="901,1824,1000,1791" x-confidence="96">against</WORD>
        <WORD coords="1014,1817,1055,1792" x-confidence="96">the</WORD>
        <WORD coords="1071,1817,1173,1791" x-confidence="96">interest</WORD>
        <WORD coords="1187,1817,1219,1792" x-confidence="96">of</WORD>
        <WORD coords="1229,1817,1278,1791" x-confidence="96">this</WORD>
       </LINE>
       <LINE>
        <WORD coords="633,1866,719,1833" x-confidence="96">public</WORD>
        <WORD coords="731,1859,829,1833" x-confidence="96">limited</WORD>
        <WORD coords="839,1866,975,1842" x-confidence="96">company;</WORD>
       </LINE>
      </PARAGRAPH>
     </REGION>
    </PAGECOLUMN>
    <PAGECOLUMN>
     <REGION>
      <PARAGRAPH>
       <LINE>
        <WORD coords="672,1940,708,1909" x-confidence="92">(c)</WORD>
        <WORD coords="752,1933,776,1909" x-confidence="95">if</WORD>
        <WORD coords="795,1939,832,1917" x-confidence="96">so,</WORD>
        <WORD coords="855,1934,896,1909" x-confidence="96">the</WORD>
        <WORD coords="920,1934,984,1909" x-confidence="96">facts</WORD>
        <WORD coords="1006,1934,1109,1909" x-confidence="96">thereof</WORD>
        <WORD coords="1127,1934,1177,1909" x-confidence="96">and</WORD>
        <WORD coords="1199,1934,1284,1909" x-confidence="96">action</WORD>
       </LINE>
       <LINE>
        <WORD coords="633,1982,710,1949" x-confidence="95">being</WORD>
        <WORD coords="748,1982,937,1950" x-confidence="95">contemplated</WORD>
        <WORD coords="975,1975,1000,1953" x-confidence="95">to</WORD>
        <WORD coords="1039,1982,1081,1954" x-confidence="93">get</WORD>
        <WORD coords="1120,1975,1182,1950" x-confidence="90">such</WORD>
        <WORD coords="1221,1975,1284,1950" x-confidence="87">fund</WORD>
       </LINE>
       <LINE>
        <WORD coords="634,2023,808,1990" x-confidence="96">immediately</WORD>
        <WORD coords="836,2023,970,1990" x-confidence="96">deposited</WORD>
        <WORD coords="997,2015,1059,1990" x-confidence="96">with</WORD>
        <WORD coords="1086,2023,1172,1991" x-confidence="94">public</WORD>
        <WORD coords="1201,2016,1284,1994" x-confidence="94">sector</WORD>
       </LINE>
       <LINE>
        <WORD coords="634,2057,755,2032" x-confidence="96">financial</WORD>
        <WORD coords="785,2058,940,2033" x-confidence="96">institutions</WORD>
        <WORD coords="970,2058,999,2041" x-confidence="95">so</WORD>
        <WORD coords="1029,2057,1081,2033" x-confidence="95">that</WORD>
        <WORD coords="1110,2057,1151,2033" x-confidence="94">the</WORD>
        <WORD coords="1182,2065,1283,2032" x-confidence="94">general</WORD>
       </LINE>
       <LINE>
        <WORD coords="633,2106,719,2073" x-confidence="96">public</WORD>
        <WORD coords="734,2099,793,2073" x-confidence="96">who</WORD>
        <WORD coords="808,2098,859,2074" x-confidence="96">had</WORD>
        <WORD coords="873,2099,976,2073" x-confidence="96">booked</WORD>
        <WORD coords="991,2099,1104,2077" x-confidence="96">scooters</WORD>
        <WORD coords="1119,2106,1179,2082" x-confidence="96">may</WORD>
        <WORD coords="1193,2099,1238,2077" x-confidence="96">not</WORD>
        <WORD coords="1251,2099,1283,2074" x-confidence="96">be</WORD>
       </LINE>
       <LINE>
        <WORD coords="634,2140,681,2115" x-confidence="91">de*</WORD>
        <WORD coords="693,2140,799,2114" x-confidence="91">frauded</WORD>
        <WORD coords="810,2139,835,2115" x-confidence="95">in</WORD>
        <WORD coords="846,2147,895,2123" x-confidence="95">any</WORD>
        <WORD coords="905,2147,971,2123" x-confidence="96">way;</WORD>
        <WORD coords="992,2140,1042,2115" x-confidence="96">and</WORD>
       </LINE>
      </PARAGRAPH>
     </REGION>
    </PAGECOLUMN>
    <PAGECOLUMN>
     <REGION>
      <PARAGRAPH>
       <LINE>
        <WORD coords="682,2221,721,2190" x-confidence="91">(d)</WORD>
        <WORD coords="752,2214,820,2189" x-confidence="83">what</WORD>
        <WORD coords="881,2222,1037,2190" x-confidence="83">monitoring</WORD>
        <WORD coords="1097,2222,1202,2198" x-confidence="85">process</WORD>
        <WORD coords="1264,2215,1285,2190" x-confidence="66">is</WORD>
       </LINE>
       <LINE>
        <WORD coords="642,2264,720,2232" x-confidence="95">being</WORD>
        <WORD coords="731,2257,854,2232" x-confidence="95">followed</WORD>
        <WORD coords="899,2257,925,2235" x-confidence="35">to</WORD>
        <WORD coords="936,2257,1026,2240" x-confidence="96">ensure</WORD>
        <WORD coords="1037,2256,1088,2231" x-confidence="96">that</WORD>
        <WORD coords="1098,2256,1139,2231" x-confidence="96">the</WORD>
       </LINE>
       <LINE>
        <WORD coords="641,2305,777,2273" x-confidence="93">Company</WORD>
        <WORD coords="789,2305,912,2272" x-confidence="92">quickens</WORD>
        <WORD coords="924,2298,965,2273" x-confidence="96">the</WORD>
        <WORD coords="977,2305,1081,2281" x-confidence="96">process</WORD>
        <WORD coords="1094,2298,1126,2273" x-confidence="96">of</WORD>
        <WORD coords="1132,2305,1285,2273" x-confidence="96">production</WORD>
       </LINE>
       <LINE>
        <WORD coords="642,2339,669,2315" x-confidence="92">°f</WORD>
        <WORD coords="676,2347,794,2318" x-confidence="93">scooterg</WORD>
        <WORD coords="805,2340,855,2315" x-confidence="93">and</WORD>
        <WORD coords="865,2347,996,2315" x-confidence="91">expedites</WORD>
        <WORD coords="1007,2347,1155,2314" x-confidence="90">de-livenyf</WORD>
        <WORD coords="1161,2347,1281,2314" x-confidence="96">without}</WORD>
       </LINE>
       <LINE>
        <WORD coords="641,2388,753,2356" x-confidence="96">creating</WORD>
        <WORD coords="763,2388,924,2356" x-confidence="93">atmosphere</WORD>
        <WORD coords="936,2380,959,2356" x-confidence="0">*]</WORD>
        <WORD coords="974,2381,1043,2355" x-confidence="96">short</WORD>
        <WORD coords="1054,2388,1160,2356" x-confidence="96">supply?</WORD>
       </LINE>
      </PARAGRAPH>
     </REGION>
    </PAGECOLUMN>
    <PAGECOLUMN>
     <REGION>
      <PARAGRAPH>
       <LINE x-struct="textfloat">
        <WORD coords="1076,321,1198,290" x-confidence="95">[RAJYA</WORD>
        <WORD coords="1209,321,1336,290" x-confidence="95">SABHA]</WORD>
       </LINE>
      </PARAGRAPH>
     </REGION>
    </PAGECOLUMN>
    <PAGECOLUMN>
     <REGION>
      <PARAGRAPH>
       <LINE>
        <WORD coords="1596,315,1621,294" x-confidence="96">to</WORD>
        <WORD coords="1633,321,1771,290" x-confidence="96">Questions</WORD>
        <WORD coords="1929,314,1980,290" x-confidence="64">400</WORD>
       </LINE>
      </PARAGRAPH>
     </REGION>
    </PAGECOLUMN>
    <PAGECOLUMN>
     <REGION>
      <PARAGRAPH>
       <LINE>
        <WORD coords="1404,392,1470,369" x-confidence="96">THE</WORD>
        <WORD coords="1495,393,1661,368" x-confidence="96">MINISTER</WORD>
        <WORD coords="1685,393,1727,368" x-confidence="96">OF</WORD>
        <WORD coords="1754,393,1861,368" x-confidence="96">STATE</WORD>
        <WORD coords="1886,392,1920,369" x-confidence="95">IN</WORD>
        <WORD coords="1946,392,2013,369" x-confidence="96">THE</WORD>
       </LINE>
      </PARAGRAPH>
     </REGION>
    </PAGECOLUMN>
    <PAGECOLUMN>
     <REGION>
      <PARAGRAPH>
       <LINE>
        <WORD coords="1371,433,1606,409" x-confidence="95">DEPARTMENT</WORD>
        <WORD coords="1683,434,1726,409" x-confidence="95">OF</WORD>
        <WORD coords="1804,434,2013,409" x-confidence="96">INDUSTRIAL</WORD>
       </LINE>
       <LINE>
        <WORD coords="1371,476,1629,451" x-confidence="96">DEVELOPMENT</WORD>
        <WORD coords="1757,482,1847,451" x-confidence="96">(SHRI</WORD>
        <WORD coords="1975,475,2011,452" x-confidence="91">M.</WORD>
       </LINE>
       <LINE>
        <WORD coords="1370,523,1667,492" x-confidence="84">ARUNACHALAM):</WORD>
        <WORD coords="1715,523,1751,492" x-confidence="65">(9)</WORD>
        <WORD coords="1763,522,1824,493" x-confidence="95">Yes,</WORD>
        <WORD coords="1836,517,1882,492" x-confidence="96">Sir.</WORD>
       </LINE>
      </PARAGRAPH>
     </REGION>
    </PAGECOLUMN>
    <PAGECOLUMN>
     <REGION>
      <PARAGRAPH>
       <LINE>
        <WORD coords="1412,601,1450,570" x-confidence="91">(b)</WORD>
        <WORD coords="1466,595,1516,570" x-confidence="93">and</WORD>
        <WORD coords="1531,601,1567,570" x-confidence="93">(०)</WORD>
        <WORD coords="1583,595,1635,570" x-confidence="96">Out</WORD>
        <WORD coords="1650,595,1682,570" x-confidence="96">of</WORD>
        <WORD coords="1693,595,1735,571" x-confidence="93">Rs.</WORD>
        <WORD coords="1773,594,1802,570" x-confidence="0">l5</WORD>
        <WORD coords="1819,595,1889,578" x-confidence="96">crore</WORD>
        <WORD coords="1905,595,2023,570" x-confidence="96">received</WORD>
       </LINE>
       <LINE>
        <WORD coords="1372,643,1480,611" x-confidence="96">initially</WORD>
        <WORD coords="1497,643,1532,611" x-confidence="96">by</WORD>
        <WORD coords="1549,641,1585,610" x-confidence="91">th,</WORD>
        <WORD coords="1603,643,1730,619" x-confidence="96">company</WORD>
        <WORD coords="1748,643,1847,611" x-confidence="96">against</WORD>
        <WORD coords="1863,643,1978,610" x-confidence="96">booking</WORD>
        <WORD coords="1995,636,2027,611" x-confidence="96">of</WORD>
       </LINE>
       <LINE>
        <WORD coords="1372,683,1494,656" x-confidence="96">scooters,</WORD>
        <WORD coords="1507,678,1550,654" x-confidence="96">Rs.</WORD>
        <WORD coords="1565,678,1641,653" x-confidence="96">90.78</WORD>
        <WORD coords="1655,678,1725,661" x-confidence="96">crore</WORD>
        <WORD coords="1738,678,1835,653" x-confidence="96">remain</WORD>
        <WORD coords="1847,677,1908,652" x-confidence="96">with</WORD>
        <WORD coords="1921,683,1946,653" x-confidence="96">it,</WORD>
        <WORD coords="1960,678,2024,653" x-confidence="96">after</WORD>
       </LINE>
       <LINE>
        <WORD coords="1372,726,1494,693" x-confidence="96">allowing</WORD>
        <WORD coords="1505,719,1545,694" x-confidence="96">for</WORD>
        <WORD coords="1555,719,1659,694" x-confidence="96">refunds</WORD>
        <WORD coords="1671,726,1769,694" x-confidence="96">against</WORD>
        <WORD coords="1780,719,1962,693" x-confidence="96">cancellations</WORD>
        <WORD coords="1974,719,2023,693" x-confidence="96">and</WORD>
       </LINE>
       <LINE>
        <WORD coords="1372,768,1538,736" x-confidence="96">adjustments</WORD>
        <WORD coords="1550,768,1649,736" x-confidence="96">against</WORD>
        <WORD coords="1659,761,1794,735" x-confidence="96">deliveries</WORD>
        <WORD coords="1805,768,1837,744" x-confidence="96">ag</WORD>
        <WORD coords="1848,761,1882,744" x-confidence="92">on</WORD>
        <WORD coords="1893,760,2021,736" x-confidence="0">3.2.85.</WORD>
       </LINE>
       <LINE>
        <WORD coords="1372,802,1424,776" x-confidence="96">The</WORD>
        <WORD coords="1443,809,1578,777" x-confidence="95">Company</WORD>
        <WORD coords="1595,802,1641,777" x-confidence="96">has</WORD>
        <WORD coords="1659,802,1765,776" x-confidence="96">advised</WORD>
        <WORD coords="1782,809,1877,777" x-confidence="96">having</WORD>
        <WORD coords="1895,809,2023,776" x-confidence="96">deployed</WORD>
       </LINE>
       <LINE>
        <WORD coords="1372,843,1447,818" x-confidence="96">funds</WORD>
        <WORD coords="1459,843,1486,826" x-confidence="96">as</WORD>
        <WORD coords="1497,850,1542,826" x-confidence="96">per</WORD>
        <WORD coords="1552,850,1694,817" x-confidence="96">guidelines</WORD>
        <WORD coords="1706,843,1793,818" x-confidence="96">issued</WORD>
        <WORD coords="1803,850,1838,817" x-confidence="96">by</WORD>
        <WORD coords="1848,843,2023,818" x-confidence="96">Government</WORD>
       </LINE>
       <LINE>
        <WORD coords="1372,884,1398,860" x-confidence="96">in</WORD>
        <WORD coords="1408,885,1457,859" x-confidence="96">this</WORD>
        <WORD coords="1467,892,1564,859" x-confidence="96">regard;</WORD>
       </LINE>
      </PARAGRAPH>
     </REGION>
    </PAGECOLUMN>
    <PAGECOLUMN>
     <REGION>
      <PARAGRAPH>
       <LINE>
        <WORD coords="1416,992,1455,961" x-confidence="90">(d)</WORD>
        <WORD coords="1498,986,1550,961" x-confidence="96">The</WORD>
        <WORD coords="1593,993,1720,969" x-confidence="87">company</WORD>
        <WORD coords="1761,986,1807,961" x-confidence="87">has</WORD>
        <WORD coords="1849,993,1971,961" x-confidence="89">targetted</WORD>
        <WORD coords="2013,985,2027,969" x-confidence="96">a</WORD>
       </LINE>
       <LINE>
        <WORD coords="1378,1035,1530,1003" x-confidence="96">production</WORD>
        <WORD coords="1553,1028,1585,1003" x-confidence="90">of</WORD>
        <WORD coords="1608,1033,1725,1003" x-confidence="0">,00,000</WORD>
        <WORD coords="1749,1027,1811,1004" x-confidence="96">Nos.</WORD>
        <WORD coords="1837,1027,1862,1003" x-confidence="93">in</WORD>
        <WORD coords="1889,1027,1954,1003" x-confidence="0">986</WORD>
        <WORD coords="1978,1028,2027,1002" x-confidence="96">and</WORD>
       </LINE>
       <LINE>
        <WORD coords="1382,1076,1499,1046" x-confidence="0">,25,000</WORD>
        <WORD coords="1534,1071,1597,1047" x-confidence="95">Nos.</WORD>
        <WORD coords="1634,1071,1700,1046" x-confidence="92">from</WORD>
        <WORD coords="1738,1071,1802,1046" x-confidence="0">987</WORD>
        <WORD coords="1838,1071,1963,1045" x-confidence="95">onwards.</WORD>
        <WORD coords="1999,1070,2027,1047" x-confidence="95">In</WORD>
       </LINE>
       <LINE>
        <WORD coords="1379,1118,1500,1087" x-confidence="96">addition,</WORD>
        <WORD coords="1531,1120,1618,1089" x-confidence="96">Vespa</WORD>
        <WORD coords="1648,1113,1698,1088" x-confidence="96">Car</WORD>
        <WORD coords="1728,1113,1774,1088" x-confidence="96">Co.</WORD>
        <WORD coords="1806,1113,1861,1087" x-confidence="94">Ltd.</WORD>
        <WORD coords="1892,1120,2027,1088" x-confidence="96">promoted</WORD>
       </LINE>
       <LINE>
        <WORD coords="1375,1163,1469,1131" x-confidence="96">jointly</WORD>
        <WORD coords="1484,1163,1519,1131" x-confidence="93">by</WORD>
        <WORD coords="1534,1155,1616,1131" x-confidence="93">Lohia</WORD>
        <WORD coords="1631,1156,1766,1131" x-confidence="96">Machines</WORD>
        <WORD coords="1783,1156,1838,1131" x-confidence="96">Ltd.</WORD>
        <WORD coords="1856,1156,1905,1131" x-confidence="96">and</WORD>
        <WORD coords="1920,1163,2026,1131" x-confidence="96">Piaggio</WORD>
       </LINE>
       <LINE>
        <WORD coords="1379,1198,1404,1173" x-confidence="90">&amp;</WORD>
        <WORD coords="1443,1205,1551,1173" x-confidence="51">CS.p.a.</WORD>
        <WORD coords="1592,1198,1624,1172" x-confidence="95">of</WORD>
        <WORD coords="1658,1205,1722,1172" x-confidence="89">Italy</WORD>
        <WORD coords="1760,1197,1810,1173" x-confidence="73">and</WORD>
        <WORD coords="1849,1198,1963,1173" x-confidence="73">licensed</WORD>
        <WORD coords="2001,1198,2026,1176" x-confidence="87">to</WORD>
       </LINE>
       <LINE>
        <WORD coords="1378,1240,1552,1214" x-confidence="93">manufacture</WORD>
        <WORD coords="1572,1245,1693,1215" x-confidence="92">2,00,000</WORD>
        <WORD coords="1713,1240,1776,1216" x-confidence="96">Nos.</WORD>
        <WORD coords="1796,1247,1841,1223" x-confidence="96">per</WORD>
        <WORD coords="1860,1240,1954,1223" x-confidence="96">annum</WORD>
        <WORD coords="1973,1239,2026,1214" x-confidence="96">will</WORD>
       </LINE>
       <LINE>
        <WORD coords="1379,1283,1433,1258" x-confidence="96">also</WORD>
        <WORD coords="1451,1290,1544,1257" x-confidence="96">supply</WORD>
        <WORD coords="1562,1283,1674,1262" x-confidence="96">scooters</WORD>
        <WORD coords="1693,1290,1791,1257" x-confidence="96">against</WORD>
        <WORD coords="1808,1283,1849,1257" x-confidence="96">the</WORD>
        <WORD coords="1866,1290,1981,1257" x-confidence="96">booking</WORD>
        <WORD coords="1999,1283,2031,1258" x-confidence="96">of</WORD>
       </LINE>
       <LINE>
        <WORD coords="1378,1325,1459,1299" x-confidence="91">Lohia</WORD>
        <WORD coords="1469,1325,1604,1300" x-confidence="96">Machines</WORD>
        <WORD coords="1615,1324,1670,1300" x-confidence="96">Ltd.</WORD>
       </LINE>
      </PARAGRAPH>
     </REGION>
    </PAGECOLUMN>
    <PAGECOLUMN>
     <REGION>
      <PARAGRAPH>
       <LINE>
        <WORD coords="1385,1396,1453,1373" x-confidence="96">Free</WORD>
        <WORD coords="1463,1396,1544,1371" x-confidence="96">home</WORD>
        <WORD coords="1555,1404,1675,1371" x-confidence="96">delivery</WORD>
        <WORD coords="1686,1396,1714,1371" x-confidence="96">of</WORD>
        <WORD coords="1723,1396,1793,1373" x-confidence="96">LPG</WORD>
        <WORD coords="1804,1404,1940,1371" x-confidence="96">cylinders</WORD>
       </LINE>
      </PARAGRAPH>
     </REGION>
    </PAGECOLUMN>
    <PAGECOLUMN>
     <REGION>
      <PARAGRAPH>
       <LINE>
        <WORD coords="1421,1457,1479,1433" x-confidence="95">526.</WORD>
        <WORD coords="1492,1458,1569,1433" x-confidence="92">SHRI</WORD>
        <WORD coords="1580,1457,1682,1433" x-confidence="92">KAPIL</WORD>
        <WORD coords="1693,1463,1827,1433" x-confidence="96">VERMA;</WORD>
       </LINE>
       <LINE>
        <WORD coords="1500,1499,1667,1474" x-confidence="92">SHRIMATI</WORD>
        <WORD coords="1678,1498,1796,1474" x-confidence="95">RATAN</WORD>
        <WORD coords="1808,1499,1957,1474" x-confidence="34">KUMARI:</WORD>
       </LINE>
      </PARAGRAPH>
     </REGION>
    </PAGECOLUMN>
    <PAGECOLUMN>
     <REGION>
      <PARAGRAPH>
       <LINE>
        <WORD coords="1422,1563,1482,1538" x-confidence="96">Will</WORD>
        <WORD coords="1498,1564,1539,1539" x-confidence="96">the</WORD>
        <WORD coords="1555,1564,1674,1539" x-confidence="95">Minister</WORD>
        <WORD coords="1688,1563,1720,1539" x-confidence="96">of</WORD>
        <WORD coords="1731,1564,1941,1539" x-confidence="96">PETROLEUM</WORD>
        <WORD coords="1956,1563,2031,1539" x-confidence="95">AND</WORD>
       </LINE>
       <LINE>
        <WORD coords="1389,1606,1555,1581" x-confidence="96">NATURAL</WORD>
        <WORD coords="1566,1606,1634,1581" x-confidence="96">GAS</WORD>
        <WORD coords="1644,1606,1676,1581" x-confidence="96">be</WORD>
        <WORD coords="1686,1613,1792,1581" x-confidence="96">pleased</WORD>
        <WORD coords="1802,1606,1827,1585" x-confidence="96">to</WORD>
        <WORD coords="1839,1606,1909,1584" x-confidence="96">state:</WORD>
       </LINE>
      </PARAGRAPH>
     </REGION>
    </PAGECOLUMN>
    <PAGECOLUMN>
     <REGION>
      <PARAGRAPH>
       <LINE>
        <WORD coords="1429,1689,1465,1658" x-confidence="96">(a)</WORD>
        <WORD coords="1478,1682,1591,1658" x-confidence="96">whether</WORD>
        <WORD coords="1603,1683,1778,1658" x-confidence="95">Government</WORD>
        <WORD coords="1790,1683,1831,1666" x-confidence="96">are</WORD>
        <WORD coords="1845,1690,2007,1658" x-confidence="96">considering</WORD>
        <WORD coords="2020,1682,2034,1666" x-confidence="97">a</WORD>
       </LINE>
       <LINE>
        <WORD coords="1390,1731,1510,1699" x-confidence="96">proposal</WORD>
        <WORD coords="1529,1724,1554,1702" x-confidence="96">to</WORD>
        <WORD coords="1574,1724,1623,1699" x-confidence="95">end</WORD>
        <WORD coords="1641,1724,1682,1699" x-confidence="95">the</WORD>
        <WORD coords="1700,1731,1801,1703" x-confidence="96">present</WORD>
        <WORD coords="1820,1731,1916,1703" x-confidence="96">system</WORD>
        <WORD coords="1935,1724,1967,1698" x-confidence="96">of</WORD>
        <WORD coords="1981,1724,2034,1699" x-confidence="96">free</WORD>
       </LINE>
       <LINE>
        <WORD coords="1390,1765,1467,1740" x-confidence="96">home</WORD>
        <WORD coords="1483,1772,1597,1739" x-confidence="96">delivery</WORD>
        <WORD coords="1611,1764,1644,1740" x-confidence="96">of</WORD>
        <WORD coords="1654,1772,1767,1740" x-confidence="96">cooking</WORD>
        <WORD coords="1781,1772,1826,1748" x-confidence="96">gas</WORD>
        <WORD coords="1842,1772,1969,1739" x-confidence="95">cylinders</WORD>
        <WORD coords="1985,1765,2035,1740" x-confidence="96">and</WORD>
       </LINE>
       <LINE>
        <WORD coords="1391,1814,1483,1782" x-confidence="96">charge</WORD>
        <WORD coords="1496,1806,1528,1790" x-confidence="96">an</WORD>
        <WORD coords="1540,1807,1609,1785" x-confidence="96">extra</WORD>
        <WORD coords="1621,1807,1725,1786" x-confidence="96">amount</WORD>
        <WORD coords="1738,1806,1778,1782" x-confidence="93">for</WORD>
        <WORD coords="1790,1814,1843,1781" x-confidence="92">thig</WORD>
        <WORD coords="1856,1814,1955,1781" x-confidence="96">facility</WORD>
        <WORD coords="1968,1807,2034,1782" x-confidence="96">from</WORD>
       </LINE>
       <LINE>
        <WORD coords="1391,1848,1432,1822" x-confidence="95">the</WORD>
        <WORD coords="1460,1853,1617,1831" x-confidence="93">consumers;</WORD>
        <WORD coords="1647,1848,1696,1822" x-confidence="96">and</WORD>
       </LINE>
      </PARAGRAPH>
     </REGION>
    </PAGECOLUMN>
    <PAGECOLUMN>
     <REGION>
      <PARAGRAPH>
       <LINE>
        <WORD coords="1400,1932,1446,1899" x-confidence="96">(by</WORD>
        <WORD coords="1478,1925,1591,1900" x-confidence="96">whether</WORD>
        <WORD coords="1624,1925,1696,1908" x-confidence="77">some</WORD>
        <WORD coords="1745,1925,1904,1899" x-confidence="94">distributors</WORD>
        <WORD coords="1953,1925,1985,1900" x-confidence="75">of</WORD>
        <WORD coords="1997,1925,2038,1900" x-confidence="97">the</WORD>
       </LINE>
      </PARAGRAPH>
     </REGION>
    </PAGECOLUMN>
    <PAGECOLUMN>
     <REGION>
      <PARAGRAPH>
       <LINE x-struct="textfloat">
        <WORD coords="1360,1965,1454,1941" x-confidence="96">Bharat</WORD>
        <WORD coords="1465,1966,1609,1941" x-confidence="95">Petroleum</WORD>
        <WORD coords="1621,1966,1671,1941" x-confidence="96">and</WORD>
        <WORD coords="1682,1966,1826,1940" x-confidence="96">Hindustan</WORD>
        <WORD coords="1837,1966,1982,1941" x-confidence="96">Petroleum</WORD>
        <WORD coords="1994,1973,2038,1949" x-confidence="96">gas</WORD>
       </LINE>
       <LINE x-struct="textfloat">
        <WORD coords="1361,2007,1387,1983" x-confidence="96">in</WORD>
        <WORD coords="1396,2015,1515,1983" x-confidence="96">Bombay</WORD>
        <WORD coords="1524,2013,1585,1983" x-confidence="83">hav,</WORD>
        <WORD coords="1595,2015,1681,1983" x-confidence="93">resig-.</WORD>
        <WORD coords="1693,2013,1751,1983" x-confidence="96">ned;</WORD>
       </LINE>
      </PARAGRAPH>
     </REGION>
    </PAGECOLUMN>
    <PAGECOLUMN>
     <REGION>
      <PARAGRAPH>
       <LINE>
        <WORD coords="1432,2103,1469,2072" x-confidence="93">(c)</WORD>
        <WORD coords="1486,2096,1510,2072" x-confidence="94">if</WORD>
        <WORD coords="1522,2102,1559,2080" x-confidence="94">so,</WORD>
        <WORD coords="1576,2096,1643,2071" x-confidence="96">what</WORD>
        <WORD coords="1660,2104,1685,2072" x-confidence="96">ig</WORD>
        <WORD coords="1701,2097,1765,2071" x-confidence="96">their</WORD>
        <WORD coords="1780,2097,1887,2072" x-confidence="96">number</WORD>
        <WORD coords="1903,2097,1953,2072" x-confidence="95">and</WORD>
        <WORD coords="1968,2096,2036,2072" x-confidence="95">what</WORD>
       </LINE>
       <LINE>
        <WORD coords="1393,2137,1433,2121" x-confidence="96">are</WORD>
        <WORD coords="1444,2143,1480,2113" x-confidence="94">th,</WORD>
        <WORD coords="1490,2138,1595,2121" x-confidence="95">reasons</WORD>
        <WORD coords="1606,2145,1682,2113" x-confidence="96">given</WORD>
        <WORD coords="1692,2145,1727,2112" x-confidence="96">by</WORD>
        <WORD coords="1736,2138,1821,2112" x-confidence="96">them?</WORD>
       </LINE>
      </PARAGRAPH>
     </REGION>
    </PAGECOLUMN>
    <PAGECOLUMN>
     <REGION>
      <PARAGRAPH>
       <LINE>
        <WORD coords="1430,2214,1497,2191" x-confidence="96">THE</WORD>
        <WORD coords="1522,2215,1687,2190" x-confidence="96">MINISTER</WORD>
        <WORD coords="1711,2215,1746,2191" x-confidence="96">oF</WORD>
        <WORD coords="1773,2215,1879,2190" x-confidence="96">STATE</WORD>
        <WORD coords="1904,2215,1946,2190" x-confidence="96">OF</WORD>
        <WORD coords="1972,2214,2039,2191" x-confidence="96">THE</WORD>
       </LINE>
       <LINE>
        <WORD coords="1393,2256,1561,2231" x-confidence="82">MINISTRY</WORD>
        <WORD coords="1612,2256,1654,2231" x-confidence="82">OF</WORD>
        <WORD coords="1704,2256,1914,2231" x-confidence="90">PETROLEUM</WORD>
        <WORD coords="1963,2255,2038,2231" x-confidence="94">AND</WORD>
       </LINE>
       <LINE>
        <WORD coords="1393,2297,1560,2272" x-confidence="94">NATURAL</WORD>
        <WORD coords="1609,2297,1677,2272" x-confidence="52">GAS</WORD>
        <WORD coords="1727,2303,1816,2272" x-confidence="52">(SHRI</WORD>
        <WORD coords="1866,2297,2039,2272" x-confidence="94">CHANDRA</WORD>
       </LINE>
       <LINE>
        <WORD coords="1395,2339,1559,2314" x-confidence="96">SHEKHAR</WORD>
        <WORD coords="1579,2345,1704,2314" x-confidence="96">SINGH);</WORD>
        <WORD coords="1725,2345,1761,2314" x-confidence="96">(a)</WORD>
        <WORD coords="1781,2339,1822,2315" x-confidence="96">No</WORD>
        <WORD coords="1842,2339,1904,2314" x-confidence="95">such</WORD>
        <WORD coords="1923,2339,2039,2313" x-confidence="96">decision</WORD>
       </LINE>
       <LINE>
        <WORD coords="1393,2379,1438,2355" x-confidence="96">has</WORD>
        <WORD coords="1448,2380,1515,2355" x-confidence="96">been</WORD>
        <WORD coords="1525,2379,1607,2355" x-confidence="96">taken.</WORD>
       </LINE>
      </PARAGRAPH>
     </REGION>
    </PAGECOLUMN>
   </HIDDENTEXT>
  </OBJECT>
  <MAP name="PQ_138_28041986_U524_p98_p99_0001.djvu"/>
 </BODY>
</DjVuXML>
