<?xml version="1.0" encoding="UTF-8"?>
<files>
  <file name="IQ_138_28041986_U524_p98_p99.pdf" source="original">
    <mtime>1762944143</mtime>
    <size>123614</size>
    <md5>d550f38a901c04eefba0ce9f3a0fdaf8</md5>
    <crc32>19accb9c</crc32>
    <sha1>979b33a24f13bc4632edc6ca957b6157409473c6</sha1>
    <format>Image Container PDF</format>
  </file>
  <file name="IQ_138_28041986_U524_p98_p99_chocr.html.gz" source="derivative">
    <ocr>tesseract 5.3.0-6-g76ae</ocr>
    <ocr_parameters>lang-eng;lang-hin;two-pass-disabled;pass-dpi-disabled;autonomous-mode-disabled;binarisation-method-otsu</ocr_parameters>
    <ocr_module_version>0.0.21</ocr_module_version>
    <ocr_detected_script>Latin</ocr_detected_script>
    <ocr_detected_script_conf>1.0000</ocr_detected_script_conf>
    <ocr_detected_lang>en</ocr_detected_lang>
    <ocr_detected_lang_conf>1.0000</ocr_detected_lang_conf>
    <format>chOCR</format>
    <original>IQ_138_28041986_U524_p98_p99_jp2.zip</original>
    <mtime>1762944240</mtime>
    <size>93043</size>
    <md5>b40f74b1aeeb79472a03e6655c0baf0b</md5>
    <crc32>dfd5800b</crc32>
    <sha1>55f2604739bcecc4cf7e60eab63554f597c47905</sha1>
  </file>
  <file name="IQ_138_28041986_U524_p98_p99_djvu.txt" source="derivative">
    <format>DjVuTXT</format>
    <original>IQ_138_28041986_U524_p98_p99_djvu.xml</original>
    <mtime>1762944373</mtime>
    <size>6436</size>
    <md5>fb41187c52c4942c6e39bdb9e6109185</md5>
    <crc32>928ab510</crc32>
    <sha1>f72da1bfc02ea656cf1ef6773487b3a34b3291b7</sha1>
  </file>
  <file name="IQ_138_28041986_U524_p98_p99_djvu.xml" source="derivative">
    <format>Djvu XML</format>
    <original>IQ_138_28041986_U524_p98_p99_hocr.html</original>
    <mtime>1762944313</mtime>
    <size>88907</size>
    <md5>b6f18bc6bb7d05cf82c8d31c0f702e7f</md5>
    <crc32>f658e172</crc32>
    <sha1>e6946bf48b7fba38d606e12642fe03e1915b3673</sha1>
  </file>
  <file name="IQ_138_28041986_U524_p98_p99_hocr.html" source="derivative">
    <hocr_char_to_word_module_version>1.3.0</hocr_char_to_word_module_version>
    <hocr_char_to_word_hocr_version>1.1.56</hocr_char_to_word_hocr_version>
    <ocr_parameters>lang-eng;lang-hin;two-pass-disabled;pass-dpi-disabled;autonomous-mode-disabled;binarisation-method-otsu</ocr_parameters>
    <ocr_module_version>0.0.21</ocr_module_version>
    <ocr_detected_script>Latin</ocr_detected_script>
    <ocr_detected_script_conf>1.0000</ocr_detected_script_conf>
    <ocr_detected_lang>en</ocr_detected_lang>
    <ocr_detected_lang_conf>1.0000</ocr_detected_lang_conf>
    <format>hOCR</format>
    <original>IQ_138_28041986_U524_p98_p99_chocr.html.gz</original>
    <mtime>1762944289</mtime>
    <size>180067</size>
    <md5>706144cc0a68946a4016ea085206641d</md5>
    <crc32>89fda693</crc32>
    <sha1>09ff19e02977b854f6b532f4bf83fb6f20c1903b</sha1>
  </file>
  <file name="IQ_138_28041986_U524_p98_p99_hocr_pageindex.json.gz" source="derivative">
    <hocr_pageindex_module_version>1.1.0</hocr_pageindex_module_version>
    <hocr_pageindex_hocr_version>1.1.56</hocr_pageindex_hocr_version>
    <format>OCR Page Index</format>
    <original>IQ_138_28041986_U524_p98_p99_hocr.html</original>
    <mtime>1762944325</mtime>
    <size>61</size>
    <md5>02f79c4c6660b8d3c176f80f164e9855</md5>
    <crc32>ba9d653b</crc32>
    <sha1>e8bfb731fb51021c7caf35092382b1680b1d721a</sha1>
  </file>
  <file name="IQ_138_28041986_U524_p98_p99_hocr_searchtext.txt.gz" source="derivative">
    <hocr_fts_text_module_version>1.2.0</hocr_fts_text_module_version>
    <hocr_fts_text_hocr_version>1.1.56</hocr_fts_text_hocr_version>
    <word_conf_0_10>8</word_conf_0_10>
    <word_conf_11_20>11</word_conf_11_20>
    <word_conf_21_30>6</word_conf_21_30>
    <word_conf_31_40>9</word_conf_31_40>
    <word_conf_41_50>7</word_conf_41_50>
    <word_conf_51_60>10</word_conf_51_60>
    <word_conf_61_70>15</word_conf_61_70>
    <word_conf_71_80>35</word_conf_71_80>
    <word_conf_81_90>87</word_conf_81_90>
    <word_conf_91_100>855</word_conf_91_100>
    <format>OCR Search Text</format>
    <original>IQ_138_28041986_U524_p98_p99_hocr.html</original>
    <mtime>1762944340</mtime>
    <size>2649</size>
    <md5>e67e5ac227c38f3aeea753c05d34d13d</md5>
    <crc32>d4e74cc9</crc32>
    <sha1>1030c0139d5c4955f09d32439b59709b6dc5e582</sha1>
  </file>
  <file name="IQ_138_28041986_U524_p98_p99_jp2.zip" source="derivative">
    <format>Single Page Processed JP2 ZIP</format>
    <original>IQ_138_28041986_U524_p98_p99.pdf</original>
    <mtime>1762944218</mtime>
    <size>1339367</size>
    <md5>811353f5c0840ddb17eef2c8710356a8</md5>
    <crc32>3e671635</crc32>
    <sha1>d0c6a6b4ab44112182c93b5f9270a582d08131ba</sha1>
    <filecount>2</filecount>
  </file>
  <file name="IQ_138_28041986_U524_p98_p99_page_numbers.json" source="derivative">
    <hocr_pagenumber_module_version>1.0.5</hocr_pagenumber_module_version>
    <hocr_pagenumber_hocr_version>1.1.54</hocr_pagenumber_hocr_version>
    <hocr_pagenumber_confidence>74</hocr_pagenumber_confidence>
    <format>Page Numbers JSON</format>
    <original>IQ_138_28041986_U524_p98_p99_hocr.html</original>
    <mtime>1762944392</mtime>
    <size>488</size>
    <md5>9deb9b23c44e6216cde557d8513083ce</md5>
    <crc32>9726e228</crc32>
    <sha1>0590a31baf58675dd2ef8f9f6a704b9e1bfd53c1</sha1>
  </file>
  <file name="IQ_138_28041986_U524_p98_p99_scandata.xml" source="derivative">
    <format>Scandata</format>
    <original>IQ_138_28041986_U524_p98_p99_djvu.xml</original>
    <mtime>1762944392</mtime>
    <size>980</size>
    <md5>ad13ff3ddebccae0a6e337407f6f67d5</md5>
    <crc32>b7aef311</crc32>
    <sha1>fb7b8cfaf00b47ee6e3b1ec466e08493a0135f58</sha1>
  </file>
  <file name="IQ_138_28041986_U524_p98_p99_text.pdf" source="derivative">
    <pdf_module_version>0.0.25</pdf_module_version>
    <pdf_degraded>invalid-jp2-headers</pdf_degraded>
    <format>Additional Text PDF</format>
    <original>IQ_138_28041986_U524_p98_p99_page_numbers.json</original>
    <mtime>1762944430</mtime>
    <size>265927</size>
    <md5>8d97fb9f7b0f57fcee682677ff4919b1</md5>
    <crc32>51606959</crc32>
    <sha1>8cebaf08b5b23a332bd0a65c37cd1d41e88efd5a</sha1>
  </file>
  <file name="PQ_138_28041986_U524_p98_p99.pdf" source="original">
    <mtime>1762944129</mtime>
    <size>105105</size>
    <md5>ac27bab8fe7643cf1bc71d8fcda1f177</md5>
    <crc32>7b9d3e49</crc32>
    <sha1>9f5e0594bfe721c4c42c849d0e512e03b87cbca1</sha1>
    <format>Text PDF</format>
  </file>
  <file name="PQ_138_28041986_U524_p98_p99_chocr.html.gz" source="derivative">
    <ocr>tesseract 5.3.0-6-g76ae</ocr>
    <ocr_parameters>lang-hin;lang-eng;two-pass-disabled;pass-dpi-disabled;autonomous-mode-disabled;binarisation-method-otsu</ocr_parameters>
    <ocr_module_version>0.0.21</ocr_module_version>
    <ocr_detected_script>Latin</ocr_detected_script>
    <ocr_detected_script_conf>1.0000</ocr_detected_script_conf>
    <ocr_detected_lang>en</ocr_detected_lang>
    <ocr_detected_lang_conf>1.0000</ocr_detected_lang_conf>
    <format>chOCR</format>
    <original>PQ_138_28041986_U524_p98_p99_jp2.zip</original>
    <mtime>1762944273</mtime>
    <size>83130</size>
    <md5>3794f94a87a9a965277a9afcd67bf474</md5>
    <crc32>3ac193f9</crc32>
    <sha1>5737b96522c8a0cedb37bf5dd8e1ed04cd787099</sha1>
  </file>
  <file name="PQ_138_28041986_U524_p98_p99_djvu.txt" source="derivative">
    <format>DjVuTXT</format>
    <original>PQ_138_28041986_U524_p98_p99_djvu.xml</original>
    <mtime>1762944382</mtime>
    <size>6213</size>
    <md5>3d7661c3c87d2dc80bedbbe05eb6c112</md5>
    <crc32>62d18371</crc32>
    <sha1>86b7425a63adc6838b05834e7a4408f4cb0beb3a</sha1>
  </file>
  <file name="PQ_138_28041986_U524_p98_p99_djvu.xml" source="derivative">
    <format>Djvu XML</format>
    <original>PQ_138_28041986_U524_p98_p99_hocr.html</original>
    <mtime>1762944317</mtime>
    <size>83414</size>
    <md5>e1258763e635cccf04aa332f330f6eb2</md5>
    <crc32>9ea44f05</crc32>
    <sha1>8b8d1477b8d64926072078b6ad03e64b1e4f11c5</sha1>
  </file>
  <file name="PQ_138_28041986_U524_p98_p99_hocr.html" source="derivative">
    <hocr_char_to_word_module_version>1.3.0</hocr_char_to_word_module_version>
    <hocr_char_to_word_hocr_version>1.1.56</hocr_char_to_word_hocr_version>
    <ocr_parameters>lang-hin;lang-eng;two-pass-disabled;pass-dpi-disabled;autonomous-mode-disabled;binarisation-method-otsu</ocr_parameters>
    <ocr_module_version>0.0.21</ocr_module_version>
    <ocr_detected_script>Latin</ocr_detected_script>
    <ocr_detected_script_conf>1.0000</ocr_detected_script_conf>
    <ocr_detected_lang>en</ocr_detected_lang>
    <ocr_detected_lang_conf>1.0000</ocr_detected_lang_conf>
    <format>hOCR</format>
    <original>PQ_138_28041986_U524_p98_p99_chocr.html.gz</original>
    <mtime>1762944303</mtime>
    <size>162556</size>
    <md5>2bf6a32d542914ba4ec5f661d23b0e25</md5>
    <crc32>648d8cd0</crc32>
    <sha1>7a6df742f9c4e51e984e9689e5802481d26c824e</sha1>
  </file>
  <file name="PQ_138_28041986_U524_p98_p99_hocr_pageindex.json.gz" source="derivative">
    <hocr_pageindex_module_version>1.1.0</hocr_pageindex_module_version>
    <hocr_pageindex_hocr_version>1.1.56</hocr_pageindex_hocr_version>
    <format>OCR Page Index</format>
    <original>PQ_138_28041986_U524_p98_p99_hocr.html</original>
    <mtime>1762944352</mtime>
    <size>61</size>
    <md5>62c978c28294d5925668cd32df285208</md5>
    <crc32>c5d80963</crc32>
    <sha1>9ddeed9b6faa06f8213d9377e58aab0647a25723</sha1>
  </file>
  <file name="PQ_138_28041986_U524_p98_p99_hocr_searchtext.txt.gz" source="derivative">
    <hocr_fts_text_module_version>1.2.0</hocr_fts_text_module_version>
    <hocr_fts_text_hocr_version>1.1.56</hocr_fts_text_hocr_version>
    <word_conf_0_10>18</word_conf_0_10>
    <word_conf_11_20>1</word_conf_11_20>
    <word_conf_21_30>1</word_conf_21_30>
    <word_conf_31_40>2</word_conf_31_40>
    <word_conf_41_50>1</word_conf_41_50>
    <word_conf_51_60>12</word_conf_51_60>
    <word_conf_61_70>10</word_conf_61_70>
    <word_conf_71_80>20</word_conf_71_80>
    <word_conf_81_90>78</word_conf_81_90>
    <word_conf_91_100>851</word_conf_91_100>
    <format>OCR Search Text</format>
    <original>PQ_138_28041986_U524_p98_p99_hocr.html</original>
    <mtime>1762944363</mtime>
    <size>2499</size>
    <md5>9dbe8fe970e2619d11987341afc78833</md5>
    <crc32>ec296d99</crc32>
    <sha1>a38eabffe5e825f175fae89c35492f2af152fb4d</sha1>
  </file>
  <file name="PQ_138_28041986_U524_p98_p99_jp2.zip" source="derivative">
    <format>Single Page Processed JP2 ZIP</format>
    <original>PQ_138_28041986_U524_p98_p99.pdf</original>
    <mtime>1762944211</mtime>
    <size>973899</size>
    <md5>79408d69ddc6903e3fc66e6fe39d955d</md5>
    <crc32>47a5ed15</crc32>
    <sha1>777e952c6f344f3723739b58a514fcd0020e5b00</sha1>
    <filecount>2</filecount>
  </file>
  <file name="PQ_138_28041986_U524_p98_p99_page_numbers.json" source="derivative">
    <hocr_pagenumber_module_version>1.0.5</hocr_pagenumber_module_version>
    <hocr_pagenumber_hocr_version>1.1.54</hocr_pagenumber_hocr_version>
    <hocr_pagenumber_confidence>68</hocr_pagenumber_confidence>
    <format>Page Numbers JSON</format>
    <original>PQ_138_28041986_U524_p98_p99_hocr.html</original>
    <mtime>1762944407</mtime>
    <size>488</size>
    <md5>b05b8e449757b867236b4aa406b35006</md5>
    <crc32>a057bad0</crc32>
    <sha1>8c3616bd2bb8fb4efaad4b3334c4aafa47b301d5</sha1>
  </file>
  <file name="PQ_138_28041986_U524_p98_p99_scandata.xml" source="derivative">
    <format>Scandata</format>
    <original>PQ_138_28041986_U524_p98_p99_djvu.xml</original>
    <mtime>1762944407</mtime>
    <size>980</size>
    <md5>85c300097765d25bed3f3d8cfb23a2a3</md5>
    <crc32>e2b9ae7c</crc32>
    <sha1>15baee90677f0ac465604428f8b641026c115c6c</sha1>
  </file>
  <file name="__ia_thumb.jpg" source="original">
    <mtime>1762944456</mtime>
    <size>23622</size>
    <md5>968386e172362c9673c1a665dfd7732d</md5>
    <crc32>a8448144</crc32>
    <sha1>97991cddd9a7ce1d3f86a9cb622e900793f4aaff</sha1>
    <format>Item Tile</format>
  </file>
  <file name="rsdebate.nic.in.323151_archive.torrent" source="metadata">
    <btih>c52ef37bb929dae2b0b7639aebc728e2cb5e737d</btih>
    <mtime>1762944457</mtime>
    <size>5942</size>
    <md5>630d0a0c797e6ce56abc34efa8e0302e</md5>
    <crc32>d08f9658</crc32>
    <sha1>3dd8a2051b1499d6bf92b6be2f4301500b50e434</sha1>
    <format>Archive BitTorrent</format>
  </file>
  <file name="rsdebate.nic.in.323151_files.xml" source="original">
    <format>Metadata</format>
    <md5>6d3a9cc797a10b9ff98cc12640ececc2</md5>
    <summation>md5</summation>
  </file>
  <file name="rsdebate.nic.in.323151_meta.sqlite" source="original">
    <mtime>1762944152</mtime>
    <size>28672</size>
    <md5>c5646779df03945ca3366a82d145ef31</md5>
    <crc32>edd6d891</crc32>
    <sha1>33f716fb777db539b62c18dd97a0cc47de59c173</sha1>
    <format>Metadata</format>
  </file>
  <file name="rsdebate.nic.in.323151_meta.xml" source="original">
    <mtime>1762944433</mtime>
    <size>2777</size>
    <md5>109dda5274e6474b3391f31347170a43</md5>
    <crc32>5fa18b2a</crc32>
    <sha1>875c624a43faf897675323b9c1971d5a6e445142</sha1>
    <format>Metadata</format>
  </file>
</files>
