<?xml version="1.0" encoding="UTF-8"?>
<metadata>
  <identifier>rsdebate.nic.in.323151</identifier>
  <collection>vonter_stacks</collection>
  <collection>the_stacks</collection>
  <collection>additional_collections</collection>
  <creator>Rajya Sabha Secretariat</creator>
  <date>28-Apr-1986</date>
  <description>'Rehablitating sick Industrial Units (28-Apr-1986)' from the RS Debates Digital Library</description>
  <language>English</language>
  <language>Hindi</language>
  <licenseurl>http://creativecommons.org/licenses/publicdomain/</licenseurl>
  <mediatype>texts</mediatype>
  <rsdebate_appears_in_collections>Part 1 (Question And Answer)</rsdebate_appears_in_collections>
  <rsdebate_debate_date>28-Apr-1986</rsdebate_debate_date>
  <rsdebate_debate_title>Rehablitating sick Industrial Units</rsdebate_debate_title>
  <rsdebate_debate_title_subject>WRITTEN ANSWERS TO UNSTARRED QUESTIONS</rsdebate_debate_title_subject>
  <rsdebate_debate_type>Part 1(Question and Answer)</rsdebate_debate_type>
  <rsdebate_document_url>https://rsdebate.nic.in/bitstream/123456789/323151/1/PQ_138_28041986_U524_p98_p99.pdf</rsdebate_document_url>
  <rsdebate_ministers_name>M. ARUNACHALAM</rsdebate_ministers_name>
  <rsdebate_ministry>INDUSTRY</rsdebate_ministry>
  <rsdebate_page_number_from_to>98-99</rsdebate_page_number_from_to>
  <rsdebate_question_number>524</rsdebate_question_number>
  <rsdebate_question_type>Unstarred</rsdebate_question_type>
  <rsdebate_questioner_name>GURUDAS DAS GUPTA</rsdebate_questioner_name>
  <rsdebate_session_number>138</rsdebate_session_number>
  <source>https://rsdebate.nic.in/handle/123456789/323151</source>
  <subject>Parliament of India</subject>
  <subject>Rajya Sabha</subject>
  <title>Rehablitating sick Industrial Units (28-Apr-1986)</title>
  <uploader>vonter@vonter.in</uploader>
  <collection_added>the_stacks</collection_added>
  <collection_added>additional_collections</collection_added>
  <publicdate>2025-11-12 10:42:20</publicdate>
  <addeddate>2025-11-12 10:42:20</addeddate>
  <identifier-access>http://archive.org/details/rsdebate.nic.in.323151</identifier-access>
  <identifier-ark>ark:/13960/s2zzbp2htc4</identifier-ark>
  <ppi>300</ppi>
  <ocr>tesseract 5.3.0-6-g76ae</ocr>
  <ocr_parameters>-l hin+eng</ocr_parameters>
  <ocr_module_version>0.0.21</ocr_module_version>
  <ocr_detected_script>Latin</ocr_detected_script>
  <ocr_detected_script_conf>1.0000</ocr_detected_script_conf>
  <ocr_detected_lang>en</ocr_detected_lang>
  <ocr_detected_lang_conf>1.0000</ocr_detected_lang_conf>
  <page_number_confidence>68</page_number_confidence>
  <page_number_module_version>1.0.5</page_number_module_version>
  <pdf_degraded>invalid-jp2-headers</pdf_degraded>
  <pdf_module_version>0.0.25</pdf_module_version>
</metadata>
