<?xml version="1.0" encoding="UTF-8"?>
<!DOCTYPE DjVuXML>
<DjVuXML>
 <BODY>
  <OBJECT data="file://localhost/var/tmp/autoclean/derive/keralalegislativeassembly.proceedings.483788/483788.djvu" type="image/x.djvu" usemap="483788_0000.djvu" width="2481" height="3508">
   <PARAM name="PAGE" value="483788_0000.djvu"/>
   <PARAM name="DPI" value="300"/>
   <HIDDENTEXT>
    <PAGECOLUMN>
     <REGION>
      <PARAGRAPH>
       <LINE>
        <WORD coords="297,2263,327,2061" x-confidence="96">LIBRARY</WORD>
        <WORD coords="296,2044,327,1815" x-confidence="95">ARCHIVES</WORD>
        <WORD coords="296,1797,327,1674" x-confidence="96">Kerala</WORD>
        <WORD coords="296,1657,337,1450" x-confidence="96">Legislative</WORD>
        <WORD coords="296,1433,337,1248" x-confidence="95">Assembly</WORD>
       </LINE>
      </PARAGRAPH>
     </REGION>
    </PAGECOLUMN>
    <PAGECOLUMN>
     <REGION>
      <PARAGRAPH>
       <LINE>
        <WORD coords="1087,344,1378,305" x-confidence="89">ചോദ്യോത്തരങ്ങള്‍</WORD>
        <WORD coords="1986,342,2041,307" x-confidence="95">101</WORD>
       </LINE>
      </PARAGRAPH>
     </REGION>
    </PAGECOLUMN>
    <PAGECOLUMN>
     <REGION>
      <PARAGRAPH>
       <LINE>
        <WORD coords="927,473,1120,410" x-confidence="90">ഹരിപ്പാട്‌</WORD>
        <WORD coords="1142,453,1346,417" x-confidence="66">സതീശന്‍</WORD>
        <WORD coords="1367,456,1689,428" x-confidence="94">കൊലപാതകം</WORD>
       </LINE>
      </PARAGRAPH>
     </REGION>
    </PAGECOLUMN>
    <PAGECOLUMN>
     <REGION>
      <PARAGRAPH>
       <LINE>
        <WORD coords="462,558,777,509" x-confidence="89">65(1540)പ്രൊഫ.</WORD>
        <WORD coords="824,560,945,516" x-confidence="93">എ.വി.</WORD>
        <WORD coords="992,553,1249,518" x-confidence="49">താമരാക്ഷന്‍</WORD>
        <WORD coords="1296,565,1304,535" x-confidence="92">:</WORD>
        <WORD coords="1352,570,1688,529" x-confidence="96">താഴെക്കാണുന്ന</WORD>
        <WORD coords="1736,571,2038,521" x-confidence="81">ചോദ്യങ്ങള്‍ക്ക്‌</WORD>
       </LINE>
       <LINE>
        <WORD coords="457,621,664,574" x-confidence="75">മുഖ്യമന്ത്രി</WORD>
        <WORD coords="686,610,816,583" x-confidence="96">സദയം</WORD>
        <WORD coords="838,630,980,576" x-confidence="95">മറുപടി</WORD>
        <WORD coords="1002,626,1231,577" x-confidence="75">നല്‍കുമോ:</WORD>
       </LINE>
      </PARAGRAPH>
     </REGION>
    </PAGECOLUMN>
    <PAGECOLUMN>
     <REGION>
      <PARAGRAPH>
       <LINE>
        <WORD coords="606,697,687,649" x-confidence="95">(എ)</WORD>
        <WORD coords="746,697,817,660" x-confidence="96">ഈ</WORD>
        <WORD coords="842,689,1026,653" x-confidence="83">സര്‍ക്കാര്‍</WORD>
        <WORD coords="1052,692,1385,654" x-confidence="86">അധികാരത്തില്‍</WORD>
        <WORD coords="1412,693,1651,665" x-confidence="93">വന്നശേഷം</WORD>
        <WORD coords="1679,707,2039,660" x-confidence="89">വ്യാജമദ്യവുമായി</WORD>
       </LINE>
      </PARAGRAPH>
     </REGION>
    </PAGECOLUMN>
    <PAGECOLUMN>
     <REGION>
      <PARAGRAPH>
       <LINE x-struct="textfloat">
        <WORD coords="458,763,667,707" x-confidence="95">ബന്ധപ്പെട്ട്‌</WORD>
        <WORD coords="688,757,787,721" x-confidence="96">എത്ര</WORD>
        <WORD coords="805,751,1187,713" x-confidence="94">കൊലപാതകങ്ങള്‍</WORD>
        <WORD coords="1209,765,1487,713" x-confidence="44">നടന്നിട്ടുണ്ട്‌;</WORD>
        <WORD coords="1477,769,1488,703" x-confidence="42">.</WORD>
       </LINE>
      </PARAGRAPH>
     </REGION>
    </PAGECOLUMN>
    <PAGECOLUMN>
     <REGION>
      <PARAGRAPH>
       <LINE>
        <WORD coords="606,837,699,783" x-confidence="96">(ബി)</WORD>
        <WORD coords="747,843,919,788" x-confidence="96">ഹരിപ്പാട്‌</WORD>
        <WORD coords="953,829,1149,790" x-confidence="79">സതീശന്‍</WORD>
        <WORD coords="1184,866,1625,789" x-confidence="95">കൊലപാതകത്തിന്റെ</WORD>
        <WORD coords="1661,834,1929,804" x-confidence="94">അന്വേഷണം</WORD>
        <WORD coords="1965,834,2037,798" x-confidence="96">സി.</WORD>
       </LINE>
       <LINE>
        <WORD coords="453,903,675,842" x-confidence="88">ബി.ഐക്ക്‌</WORD>
        <WORD coords="697,909,1287,851" x-confidence="56">വിടണമെന്നാവശ്യത്തിന്‍മേല്‍</WORD>
        <WORD coords="1310,901,1422,852" x-confidence="95">എന്ത്‌</WORD>
        <WORD coords="1442,891,1587,856" x-confidence="95">നടപടി</WORD>
        <WORD coords="1611,907,1842,857" x-confidence="96">സ്വീകരിച്ചു;</WORD>
       </LINE>
      </PARAGRAPH>
     </REGION>
    </PAGECOLUMN>
    <PAGECOLUMN>
     <REGION>
      <PARAGRAPH>
       <LINE>
        <WORD coords="604,972,696,927" x-confidence="76">(സി)</WORD>
        <WORD coords="742,979,941,927" x-confidence="96">പ്രസ്തുത</WORD>
        <WORD coords="975,986,1413,932" x-confidence="96">കൊലപാതകത്തിന്റെ</WORD>
        <WORD coords="1451,988,1691,917" x-confidence="96">നിജസ്ഥിതി</WORD>
        <WORD coords="1728,989,2038,936" x-confidence="96">വെളിപ്പെടുത്തു</WORD>
       </LINE>
       <LINE>
        <WORD coords="457,1025,600,987" x-confidence="93">ന്നതിന്‌</WORD>
        <WORD coords="620,1036,849,988" x-confidence="88">സി.ബി,ഐ.</WORD>
        <WORD coords="862,1028,1239,989" x-confidence="88">അന്വേഷണത്തിന്‌</WORD>
        <WORD coords="1261,1030,1406,993" x-confidence="95">നടപടി</WORD>
        <WORD coords="1429,1043,1758,994" x-confidence="94">സ്വീകരിക്കുമോ;</WORD>
       </LINE>
      </PARAGRAPH>
     </REGION>
    </PAGECOLUMN>
    <PAGECOLUMN>
     <REGION>
      <PARAGRAPH>
       <LINE>
        <WORD coords="604,1111,696,1065" x-confidence="96">(ഡി)</WORD>
        <WORD coords="745,1121,962,1067" x-confidence="93">സതീശന്റെ</WORD>
        <WORD coords="1001,1106,1316,1068" x-confidence="96">നിരാലംബമായ</WORD>
        <WORD coords="1357,1119,1664,1068" x-confidence="95">കുടുംബത്തിന്‌</WORD>
        <WORD coords="1705,1117,1921,1083" x-confidence="96">ആശ്വാസം</WORD>
        <WORD coords="1963,1111,2039,1074" x-confidence="96">ലഭി</WORD>
       </LINE>
       <LINE>
        <WORD coords="456,1175,668,1118" x-confidence="93">ക്കുന്നതിന്‌</WORD>
        <WORD coords="700,1165,937,1127" x-confidence="78">സര്‍ക്കാരില്‍</WORD>
        <WORD coords="972,1177,1115,1129" x-confidence="96">നിന്നും</WORD>
        <WORD coords="1150,1167,1402,1132" x-confidence="95">സാമ്പത്തിക</WORD>
        <WORD coords="1440,1168,1634,1140" x-confidence="95">സഹായം</WORD>
        <WORD coords="1672,1169,1865,1134" x-confidence="78">നല്‍കാന്‍</WORD>
        <WORD coords="1902,1172,2039,1135" x-confidence="95">അടിയ</WORD>
       </LINE>
       <LINE>
        <WORD coords="456,1224,547,1187" x-confidence="92">ന്തിര</WORD>
        <WORD coords="568,1224,701,1187" x-confidence="96">നടപടി</WORD>
        <WORD coords="721,1239,1034,1189" x-confidence="96">സ്വീകരിക്കുമോ;</WORD>
        <WORD coords="1057,1227,1285,1190" x-confidence="93">വിശദാംശം</WORD>
        <WORD coords="1307,1245,1718,1191" x-confidence="91">വെളിപ്പെടുത്തുമോ?</WORD>
       </LINE>
      </PARAGRAPH>
     </REGION>
    </PAGECOLUMN>
    <PAGECOLUMN>
     <REGION>
      <PARAGRAPH>
       <LINE>
        <WORD coords="1227,1323,1381,1276" x-confidence="96">ഉത്തരം</WORD>
       </LINE>
       <LINE>
        <WORD coords="602,1391,685,1343" x-confidence="95">(എ)</WORD>
        <WORD coords="744,1392,832,1342" x-confidence="95">മൂന്ന്‌</WORD>
        <WORD coords="855,1380,945,1344" x-confidence="74">പേര്‍</WORD>
        <WORD coords="967,1398,1323,1343" x-confidence="86">കൊല്ലപ്പെട്ടിട്ടുണ്ട്‌.</WORD>
       </LINE>
       <LINE>
        <WORD coords="602,1468,823,1421" x-confidence="90">(ബി)&amp;(സി)</WORD>
        <WORD coords="846,1457,879,1422" x-confidence="96">ടി</WORD>
        <WORD coords="928,1479,1024,1416" x-confidence="87">കേസ്‌</WORD>
        <WORD coords="1060,1479,1165,1416" x-confidence="87">ക്രൈം</WORD>
        <WORD coords="1198,1467,1356,1422" x-confidence="96">ബ്രാഞ്ച്‌</WORD>
        <WORD coords="1380,1475,1636,1426" x-confidence="96">അന്വേഷിച്ചു</WORD>
        <WORD coords="1660,1465,1920,1426" x-confidence="96">വരികയാണ്‌.</WORD>
       </LINE>
       <LINE>
        <WORD coords="601,1545,693,1499" x-confidence="96">(ഡി)</WORD>
        <WORD coords="743,1549,1035,1500" x-confidence="81">ഇക്കാര്യത്തില്‍</WORD>
        <WORD coords="1058,1536,1249,1508" x-confidence="93">അപേക്ഷ</WORD>
        <WORD coords="1268,1560,1493,1497" x-confidence="94">ലഭിച്ചിട്ടില്ല.</WORD>
       </LINE>
      </PARAGRAPH>
     </REGION>
    </PAGECOLUMN>
    <PAGECOLUMN>
     <REGION>
      <PARAGRAPH>
       <LINE>
        <WORD coords="1094,1635,1256,1608" x-confidence="95">അനാഥ</WORD>
        <WORD coords="1278,1665,1518,1596" x-confidence="74">പ്രേതങ്ങള്‍</WORD>
       </LINE>
      </PARAGRAPH>
     </REGION>
    </PAGECOLUMN>
    <PAGECOLUMN>
     <REGION>
      <PARAGRAPH>
       <LINE x-struct="textfloat">
        <WORD coords="417,1722,421,1719" x-confidence="81">-</WORD>
        <WORD coords="454,1746,685,1698" x-confidence="2">66(154തൃര്ീ.</WORD>
        <WORD coords="719,1753,891,1656" x-confidence="86">ജോര്‍ജ്‌</WORD>
        <WORD coords="899,1736,972,1708" x-confidence="95">ജെ.</WORD>
        <WORD coords="1007,1753,1180,1708" x-confidence="93">മാത്യു</WORD>
        <WORD coords="1168,1759,1195,1697" x-confidence="90">:</WORD>
        <WORD coords="1217,1750,1554,1709" x-confidence="96">താഴെക്കാണുന്ന</WORD>
        <WORD coords="1590,1753,1895,1703" x-confidence="81">ചോദ്യങ്ങള്‍ക്ക്‌</WORD>
        <WORD coords="1932,1755,2039,1714" x-confidence="95">മുഖ്യ</WORD>
       </LINE>
      </PARAGRAPH>
     </REGION>
    </PAGECOLUMN>
    <PAGECOLUMN>
     <REGION>
      <PARAGRAPH>
       <LINE>
        <WORD coords="454,1803,556,1759" x-confidence="94">മന്ത്രി</WORD>
        <WORD coords="576,1797,709,1768" x-confidence="96">സദയം</WORD>
        <WORD coords="730,1807,867,1759" x-confidence="95">മറുപടി</WORD>
        <WORD coords="890,1810,1118,1759" x-confidence="76">നല്‍കുമോ:</WORD>
       </LINE>
      </PARAGRAPH>
     </REGION>
    </PAGECOLUMN>
    <PAGECOLUMN>
     <REGION>
      <PARAGRAPH>
       <LINE>
        <WORD coords="599,1883,682,1835" x-confidence="93">(എ)</WORD>
        <WORD coords="741,1882,812,1846" x-confidence="95">ഈ</WORD>
        <WORD coords="865,1890,1099,1834" x-confidence="81">ഗവണ്‍മെന്റ്‌</WORD>
        <WORD coords="1155,1877,1491,1836" x-confidence="94">അധികാരത്തില്‍</WORD>
        <WORD coords="1548,1878,1786,1850" x-confidence="95">വന്നശേഷം</WORD>
        <WORD coords="1841,1891,2040,1852" x-confidence="96">ഇതുവരെ</WORD>
       </LINE>
       <LINE>
        <WORD coords="452,1944,556,1907" x-confidence="93">എത്ര</WORD>
        <WORD coords="575,1942,960,1906" x-confidence="91">അനാഥപ്രേതങ്ങളെ</WORD>
        <WORD coords="974,1951,1373,1897" x-confidence="79">കണ്ടെത്തിയിട്ടുണ്ട്‌;</WORD>
       </LINE>
      </PARAGRAPH>
     </REGION>
    </PAGECOLUMN>
    <PAGECOLUMN>
     <REGION>
      <PARAGRAPH>
       <LINE>
        <WORD coords="598,2025,693,1958" x-confidence="96">(ബി)</WORD>
        <WORD coords="741,2020,811,1985" x-confidence="91">ഈ</WORD>
        <WORD coords="834,2013,989,1985" x-confidence="95">അനാഥ</WORD>
        <WORD coords="1009,2019,1237,1976" x-confidence="84">പ്രേതങ്ങള്‍</WORD>
        <WORD coords="1258,2015,1672,1977" x-confidence="93">കൊലപാതകത്തിന്‌</WORD>
        <WORD coords="1695,2031,2039,1980" x-confidence="91">വിധേയരായവരു</WORD>
       </LINE>
       <LINE>
        <WORD coords="451,2076,664,2046" x-confidence="90">ടേതാണോ</WORD>
        <WORD coords="685,2085,785,2033" x-confidence="93">എന്ന്‌</WORD>
        <WORD coords="805,2088,1219,2037" x-confidence="90">അന്വേഷിച്ചിട്ടുണ്ടോ;</WORD>
       </LINE>
      </PARAGRAPH>
     </REGION>
    </PAGECOLUMN>
    <PAGECOLUMN>
     <REGION>
      <PARAGRAPH>
       <LINE>
        <WORD coords="592,2187,690,2115" x-confidence="92">(സി)</WORD>
        <WORD coords="741,2164,887,2116" x-confidence="72">എങ്കില്‍</WORD>
        <WORD coords="913,2164,1019,2111" x-confidence="96">എത്ര</WORD>
        <WORD coords="1046,2155,1206,2127" x-confidence="96">അനാഥ</WORD>
        <WORD coords="1233,2161,1462,2118" x-confidence="90">പ്രേതങ്ങള്‍</WORD>
        <WORD coords="1490,2165,1568,2129" x-confidence="95">ഈ</WORD>
        <WORD coords="1595,2180,2038,2116" x-confidence="57">വിഭാഗത്തില്‍പ്പെടുന്ന</WORD>
       </LINE>
       <LINE>
        <WORD coords="451,2216,608,2174" x-confidence="96">വയാണ്‌</WORD>
        <WORD coords="627,2224,729,2173" x-confidence="93">എന്ന്‌</WORD>
        <WORD coords="748,2233,1145,2178" x-confidence="91">വെളിപ്പെടുത്തുമോ?</WORD>
       </LINE>
      </PARAGRAPH>
     </REGION>
    </PAGECOLUMN>
    <PAGECOLUMN>
     <REGION>
      <PARAGRAPH>
       <LINE>
        <WORD coords="1226,2302,1378,2260" x-confidence="95">ഉത്തരം</WORD>
       </LINE>
       <LINE>
        <WORD coords="596,2382,678,2334" x-confidence="95">(എ)</WORD>
        <WORD coords="741,2371,805,2343" x-confidence="95">1176</WORD>
        <WORD coords="826,2390,968,2345" x-confidence="95">എണ്ണം.</WORD>
       </LINE>
       <LINE>
        <WORD coords="596,2460,691,2413" x-confidence="94">(ബി)</WORD>
        <WORD coords="737,2459,832,2411" x-confidence="95">ഉണ്ട്‌.</WORD>
       </LINE>
       <LINE>
        <WORD coords="595,2538,687,2492" x-confidence="96">(സി)</WORD>
        <WORD coords="739,2528,774,2499" x-confidence="96">24</WORD>
        <WORD coords="795,2546,934,2501" x-confidence="96">എണ്ണം.</WORD>
       </LINE>
       <LINE>
        <WORD coords="653,2574,656,2573" x-confidence="88">|</WORD>
        <WORD coords="1032,2629,1240,2601" x-confidence="95">ദേവാലയ</WORD>
        <WORD coords="1261,2630,1571,2592" x-confidence="82">മോഷണങ്ങള്‍</WORD>
       </LINE>
       <LINE>
        <WORD coords="445,2741,602,2692" x-confidence="91">67(1543)</WORD>
        <WORD coords="638,2737,714,2693" x-confidence="85">ശ്രീ.</WORD>
        <WORD coords="747,2747,1019,2655" x-confidence="47">കെ,എചചന്ദ്രന്‍</WORD>
        <WORD coords="1054,2730,1065,2710" x-confidence="11">:</WORD>
        <WORD coords="1103,2743,1437,2686" x-confidence="95">താഴെക്കാണുന്ന</WORD>
        <WORD coords="1475,2745,1780,2695" x-confidence="85">ചോദ്യങ്ങള്‍ക്ക്‌</WORD>
        <WORD coords="1816,2772,2039,2693" x-confidence="92">മുഖ്യമന്ത്രി</WORD>
       </LINE>
       <LINE>
        <WORD coords="446,2793,584,2765" x-confidence="95">സദയം</WORD>
        <WORD coords="604,2804,741,2754" x-confidence="95">മറുപടി</WORD>
        <WORD coords="761,2804,983,2754" x-confidence="48">നൽകുമോ:</WORD>
       </LINE>
      </PARAGRAPH>
     </REGION>
    </PAGECOLUMN>
    <PAGECOLUMN>
     <REGION>
      <PARAGRAPH>
       <LINE>
        <WORD coords="593,2881,676,2832" x-confidence="84">(എ)</WORD>
        <WORD coords="737,2878,809,2843" x-confidence="96">ഈ</WORD>
        <WORD coords="834,2891,1072,2825" x-confidence="75">ഗവണ്‍മെന്റ്‌</WORD>
        <WORD coords="1094,2871,1431,2832" x-confidence="82">അധികാരത്തില്‍</WORD>
        <WORD coords="1457,2871,1553,2844" x-confidence="96">വന്ന</WORD>
        <WORD coords="1580,2872,1721,2832" x-confidence="95">ശേഷം</WORD>
        <WORD coords="1747,2882,1857,2846" x-confidence="96">എത്ര</WORD>
        <WORD coords="1882,2875,2038,2848" x-confidence="95">ദേവാല</WORD>
       </LINE>
       <LINE>
        <WORD coords="445,2933,609,2895" x-confidence="71">യത്തില്‍</WORD>
        <WORD coords="630,2932,907,2894" x-confidence="91">മോഷണങ്ങള്‍</WORD>
        <WORD coords="925,2945,1217,2890" x-confidence="94">ഉണ്ടായിട്ടുണ്ട്‌;</WORD>
       </LINE>
      </PARAGRAPH>
      <PARAGRAPH>
       <LINE>
        <WORD coords="593,3022,688,2973" x-confidence="83">(ബി)</WORD>
        <WORD coords="736,3019,912,2973" x-confidence="91">ഇവയില്‍</WORD>
        <WORD coords="944,3024,1170,2971" x-confidence="92">ക്രിസ്ത്യന്‍</WORD>
        <WORD coords="1203,3018,1327,2973" x-confidence="95">പള്ളി,</WORD>
        <WORD coords="1359,3029,1498,2974" x-confidence="87">മുസ്ലീം</WORD>
        <WORD coords="1532,3022,1658,2974" x-confidence="96">പള്ളി,</WORD>
        <WORD coords="1689,3019,1949,2978" x-confidence="89">ക്ഷേത്രങ്ങള്‍</WORD>
        <WORD coords="1984,3033,2039,2977" x-confidence="94">മറ്റ്‌</WORD>
       </LINE>
       <LINE>
        <WORD coords="444,3075,511,3047" x-confidence="96">മത</WORD>
        <WORD coords="569,3086,857,3036" x-confidence="95">വിഭാഗങ്ങളുടെ</WORD>
        <WORD coords="924,3081,1334,3035" x-confidence="89">ആരാധനാലയങ്ങള്‍</WORD>
        <WORD coords="1403,3084,1672,3036" x-confidence="76">എന്നിവയില്‍</WORD>
        <WORD coords="1740,3085,1847,3047" x-confidence="93">എത്ര</WORD>
        <WORD coords="1905,3110,2038,3040" x-confidence="93">വീതം</WORD>
       </LINE>
       <LINE>
        <WORD coords="444,3136,643,3108" x-confidence="96">മോഷണം</WORD>
        <WORD coords="664,3147,971,3094" x-confidence="90">നടത്തിയിട്ടുണ്ട്‌;</WORD>
       </LINE>
      </PARAGRAPH>
     </REGION>
    </PAGECOLUMN>
    <PAGECOLUMN>
     <REGION>
      <PARAGRAPH>
       <LINE>
        <WORD coords="1958,3383,2034,3352" x-confidence="96">Page</WORD>
        <WORD coords="2049,3376,2059,3352" x-confidence="95">1</WORD>
       </LINE>
      </PARAGRAPH>
     </REGION>
    </PAGECOLUMN>
   </HIDDENTEXT>
  </OBJECT>
  <MAP name="483788_0000.djvu"/>
 </BODY>
</DjVuXML>
