<?xml version="1.0" encoding="UTF-8"?>
<book>
  <bookData>
    <dpi>300</dpi>
    <bookId>keralalegislativeassembly.proceedings.483788</bookId>
    <leafCount>1</leafCount>
    <scanDataVersion>5</scanDataVersion>
  </bookData>
  <pageData>
    <page leafNum="0">
      <pageType>Normal</pageType>
      <addToAccessFormats>true</addToAccessFormats>
      <origWidth>2481</origWidth>
      <origHeight>3508</origHeight>
      <cropBox>
        <x>0</x>
        <y>0</y>
        <w>2481</w>
        <h>3508</h>
      </cropBox>
      <ppi>300</ppi>
      <bookStart>true</bookStart>
    </page>
  </pageData>
</book>