<?xml version="1.0" encoding="UTF-8"?>
<metadata>
  <identifier>keralalegislativeassembly.proceedings.483788</identifier>
  <collection>vonter_stacks</collection>
  <collection>the_stacks</collection>
  <collection>additional_collections</collection>
  <creator>Kerala Legislative Assembly</creator>
  <date>2000-03-06</date>
  <description>Kerala Legislative Assembly Proceedings
Date: 06-03-2000
Assembly: KLA - 10 (1996-2001)
Session: 13
Event: Question Hour
Subject: Ghosts</description>
  <kla_assembly>KLA - 10 (1996-2001)</kla_assembly>
  <kla_date>06-03-2000</kla_date>
  <kla_document_pdf_url>http://klaproceedings.niyamasabha.org/digital/docs_to_pdf.php?memberList=483788</kla_document_pdf_url>
  <kla_event_eng>Question Hour</kla_event_eng>
  <kla_event_mal>ചോദ്യോത്തര വേള</kla_event_mal>
  <kla_member_list_url>http://klaproceedings.niyamasabha.org/digital/ListSearchMembers.php?memberList=483788</kla_member_list_url>
  <kla_members_eng>George J Mathew</kla_members_eng>
  <kla_members_mal>ജോര്‍ജ്ജ് ജെ മാത്യു</kla_members_mal>
  <kla_session>13</kla_session>
  <kla_subject_eng>Ghosts</kla_subject_eng>
  <kla_subject_mal>അനാഥ പ്രേതങ്ങള്‍</kla_subject_mal>
  <language>English</language>
  <language>Malayalam</language>
  <licenseurl>http://creativecommons.org/licenses/publicdomain/</licenseurl>
  <mediatype>texts</mediatype>
  <source>http://klaproceedings.niyamasabha.org/digital</source>
  <subject>Kerala Legislative Assembly</subject>
  <subject>Government Documents</subject>
  <subject>Kerala</subject>
  <title>Ghosts / അനാഥ പ്രേതങ്ങള്‍</title>
  <uploader>vonter@vonter.in</uploader>
  <collection_added>the_stacks</collection_added>
  <collection_added>additional_collections</collection_added>
  <publicdate>2025-11-15 13:49:12</publicdate>
  <addeddate>2025-11-15 13:49:12</addeddate>
  <identifier-access>http://archive.org/details/keralalegislativeassembly.proceedings.483788</identifier-access>
  <identifier-ark>ark:/13960/s2nrf09p9vn</identifier-ark>
  <ppi>300</ppi>
  <ocr>tesseract 5.3.0-6-g76ae</ocr>
  <ocr_parameters>-l Malayalam+eng</ocr_parameters>
  <ocr_module_version>0.0.21</ocr_module_version>
  <ocr_detected_script>Malayalam</ocr_detected_script>
  <ocr_detected_script_conf>1.0000</ocr_detected_script_conf>
  <ocr_detected_lang>ml</ocr_detected_lang>
  <ocr_detected_lang_conf>1.0000</ocr_detected_lang_conf>
  <page_number_confidence>0</page_number_confidence>
  <page_number_module_version>1.0.5</page_number_module_version>
</metadata>
