<?xml version="1.0" encoding="UTF-8"?>
<files>
  <file name="483788.pdf" source="original">
    <mtime>1763214540</mtime>
    <size>92349</size>
    <md5>63eca868b60180058d8d88bd9028260c</md5>
    <crc32>438aae6f</crc32>
    <sha1>38b9aba49d639aab518ab61b49befe47ac2dda75</sha1>
    <format>Text PDF</format>
  </file>
  <file name="483788_chocr.html.gz" source="derivative">
    <ocr>tesseract 5.3.0-6-g76ae</ocr>
    <ocr_parameters>lang-Malayalam;lang-eng;two-pass-disabled;pass-dpi-disabled;autonomous-mode-disabled;binarisation-method-otsu</ocr_parameters>
    <ocr_module_version>0.0.21</ocr_module_version>
    <ocr_detected_script>Malayalam</ocr_detected_script>
    <ocr_detected_script_conf>1.0000</ocr_detected_script_conf>
    <ocr_detected_lang>ml</ocr_detected_lang>
    <ocr_detected_lang_conf>1.0000</ocr_detected_lang_conf>
    <format>chOCR</format>
    <original>483788_jp2.zip</original>
    <mtime>1763214638</mtime>
    <size>24984</size>
    <md5>a87e887897fee1e404a52cb1c85630a1</md5>
    <crc32>ff990230</crc32>
    <sha1>8196d49ad441e1ebf11655bc9e2d87b2bdb619cf</sha1>
  </file>
  <file name="483788_djvu.txt" source="derivative">
    <format>DjVuTXT</format>
    <original>483788_djvu.xml</original>
    <mtime>1763214683</mtime>
    <size>4388</size>
    <md5>d3eec7d820895bc4dd3a6b65b23604d0</md5>
    <crc32>fd17bf64</crc32>
    <sha1>384e3e896d9f16b7b0abdc56d176a5b58330f1c4</sha1>
  </file>
  <file name="483788_djvu.xml" source="derivative">
    <format>Djvu XML</format>
    <original>483788_hocr.html</original>
    <mtime>1763214661</mtime>
    <size>19891</size>
    <md5>59b590351f81d6e26549422dbe8fb321</md5>
    <crc32>baa948cd</crc32>
    <sha1>1423b56d18ea76e8cac9ebfdda359089fba99f90</sha1>
  </file>
  <file name="483788_hocr.html" source="derivative">
    <hocr_char_to_word_module_version>1.3.0</hocr_char_to_word_module_version>
    <hocr_char_to_word_hocr_version>1.1.56</hocr_char_to_word_hocr_version>
    <ocr_parameters>lang-Malayalam;lang-eng;two-pass-disabled;pass-dpi-disabled;autonomous-mode-disabled;binarisation-method-otsu</ocr_parameters>
    <ocr_module_version>0.0.21</ocr_module_version>
    <ocr_detected_script>Malayalam</ocr_detected_script>
    <ocr_detected_script_conf>1.0000</ocr_detected_script_conf>
    <ocr_detected_lang>ml</ocr_detected_lang>
    <ocr_detected_lang_conf>1.0000</ocr_detected_lang_conf>
    <format>hOCR</format>
    <original>483788_chocr.html.gz</original>
    <mtime>1763214651</mtime>
    <size>36812</size>
    <md5>4135fdd54524161d22524424ec4bfa5e</md5>
    <crc32>f138429f</crc32>
    <sha1>8fb1c416be287dca4d3426b88513f6039fc8a05a</sha1>
  </file>
  <file name="483788_hocr_pageindex.json.gz" source="derivative">
    <hocr_pageindex_module_version>1.1.0</hocr_pageindex_module_version>
    <hocr_pageindex_hocr_version>1.1.56</hocr_pageindex_hocr_version>
    <format>OCR Page Index</format>
    <original>483788_hocr.html</original>
    <mtime>1763214665</mtime>
    <size>43</size>
    <md5>82932cc71f6e9875d6942ec747bf5bd3</md5>
    <crc32>90d9b0ba</crc32>
    <sha1>9adcb768d860b5b60ffac5c1d6f8262a9c063101</sha1>
  </file>
  <file name="483788_hocr_searchtext.txt.gz" source="derivative">
    <hocr_fts_text_module_version>1.2.0</hocr_fts_text_module_version>
    <hocr_fts_text_hocr_version>1.1.56</hocr_fts_text_hocr_version>
    <word_conf_0_10>1</word_conf_0_10>
    <word_conf_11_20>1</word_conf_11_20>
    <word_conf_21_30>0</word_conf_21_30>
    <word_conf_31_40>0</word_conf_31_40>
    <word_conf_41_50>5</word_conf_41_50>
    <word_conf_51_60>2</word_conf_51_60>
    <word_conf_61_70>1</word_conf_61_70>
    <word_conf_71_80>14</word_conf_71_80>
    <word_conf_81_90>35</word_conf_81_90>
    <word_conf_91_100>121</word_conf_91_100>
    <format>OCR Search Text</format>
    <original>483788_hocr.html</original>
    <mtime>1763214674</mtime>
    <size>1101</size>
    <md5>46306446f12629a2d85ee1adee3faf6a</md5>
    <crc32>39643da9</crc32>
    <sha1>638a1e41d56cf57264355aa4aba9c8d2aa5a3492</sha1>
  </file>
  <file name="483788_jp2.zip" source="derivative">
    <format>Single Page Processed JP2 ZIP</format>
    <original>483788.pdf</original>
    <mtime>1763214625</mtime>
    <size>452227</size>
    <md5>fa7893049a0366655c889ff565798cef</md5>
    <crc32>fe09ac09</crc32>
    <sha1>d1008e3fd218541d9e04385fed555d7b85657b7b</sha1>
    <filecount>1</filecount>
  </file>
  <file name="483788_page_numbers.json" source="derivative">
    <hocr_pagenumber_module_version>1.0.5</hocr_pagenumber_module_version>
    <hocr_pagenumber_hocr_version>1.1.54</hocr_pagenumber_hocr_version>
    <hocr_pagenumber_confidence>0</hocr_pagenumber_confidence>
    <format>Page Numbers JSON</format>
    <original>483788_hocr.html</original>
    <mtime>1763214704</mtime>
    <size>349</size>
    <md5>913d87e3da3f75292bcac7fbe2fa91d9</md5>
    <crc32>07191310</crc32>
    <sha1>64dc83fdd96ecaded46808936be81050fb94804f</sha1>
  </file>
  <file name="483788_scandata.xml" source="derivative">
    <format>Scandata</format>
    <original>483788_djvu.xml</original>
    <mtime>1763214704</mtime>
    <size>615</size>
    <md5>c235ad99d5559ae970e23ae825928899</md5>
    <crc32>110d4ad9</crc32>
    <sha1>025c50646bcb6cfe4b0a37e51b74fd8e2f148f69</sha1>
  </file>
  <file name="__ia_thumb.jpg" source="original">
    <mtime>1763214722</mtime>
    <size>13721</size>
    <md5>2715614ec7abcfc666901e8834eb44bc</md5>
    <crc32>eb92849d</crc32>
    <sha1>da68046bb0b3a66c9eb9d0ba803901de0ffa2758</sha1>
    <format>Item Tile</format>
  </file>
  <file name="keralalegislativeassembly.proceedings.483788_archive.torrent" source="metadata">
    <btih>a70874f640bfdda9a4eefb878ba0b8c3f546c8f6</btih>
    <mtime>1763214723</mtime>
    <size>3679</size>
    <md5>e7b6894b3cf7c68523b94f3a3a715f4f</md5>
    <crc32>a0752b03</crc32>
    <sha1>2a63c6b9bab4beaaabea954f5c834eba63a4d965</sha1>
    <format>Archive BitTorrent</format>
  </file>
  <file name="keralalegislativeassembly.proceedings.483788_files.xml" source="original">
    <format>Metadata</format>
    <md5>0677da2f160f07c77b745dc419dd48c5</md5>
    <summation>md5</summation>
  </file>
  <file name="keralalegislativeassembly.proceedings.483788_meta.sqlite" source="original">
    <mtime>1763214568</mtime>
    <size>20480</size>
    <md5>016870d1ae8632abe0ae6b689b3c9f04</md5>
    <crc32>0682fe30</crc32>
    <sha1>f0059fbca0b39828ff6e9f9fb3dff0dcb4d50e29</sha1>
    <format>Metadata</format>
  </file>
  <file name="keralalegislativeassembly.proceedings.483788_meta.xml" source="original">
    <mtime>1763214704</mtime>
    <size>2610</size>
    <md5>7121f2efc1951d15f8193c62b2373497</md5>
    <crc32>2aaad4ad</crc32>
    <sha1>71bbc01df2165e89add2bccff7b293bc8e66786c</sha1>
    <format>Metadata</format>
  </file>
</files>
