<?xml version="1.0" encoding="UTF-8"?>
<!DOCTYPE DjVuXML>
<DjVuXML>
 <BODY>
  <OBJECT data="file://localhost/var/tmp/autoclean/derive/rsdebate.nic.in.323157/IQ_138_28041986_U497_p73_p74.djvu" type="image/x.djvu" usemap="IQ_138_28041986_U497_p73_p74_0000.djvu" width="1814" height="2882">
   <PARAM name="PAGE" value="IQ_138_28041986_U497_p73_p74_0000.djvu"/>
   <PARAM name="DPI" value="300"/>
   <HIDDENTEXT>
    <PAGECOLUMN>
     <REGION>
      <PARAGRAPH>
       <LINE>
        <WORD coords="252,205,292,167" x-confidence="70">3</WORD>
        <WORD coords="412,193,545,160" x-confidence="95">Written</WORD>
        <WORD coords="565,193,716,164" x-confidence="96">Answers</WORD>
       </LINE>
       <LINE>
        <WORD coords="218,286,319,256" x-confidence="95">units.</WORD>
        <WORD coords="371,293,421,257" x-confidence="95">By</WORD>
        <WORD coords="446,287,500,258" x-confidence="96">the</WORD>
        <WORD coords="524,293,603,266" x-confidence="96">very</WORD>
        <WORD coords="626,289,740,261" x-confidence="96">nature</WORD>
        <WORD coords="766,289,801,261" x-confidence="91">of</WORD>
        <WORD coords="841,289,901,268" x-confidence="89">em-</WORD>
       </LINE>
       <LINE>
        <WORD coords="212,335,384,300" x-confidence="95">ployment</WORD>
        <WORD coords="404,329,437,301" x-confidence="96">in</WORD>
        <WORD coords="460,330,514,302" x-confidence="96">the</WORD>
        <WORD coords="535,330,598,301" x-confidence="96">SSI</WORD>
        <WORD coords="620,336,713,305" x-confidence="93">units,</WORD>
        <WORD coords="735,337,810,303" x-confidence="92">they</WORD>
        <WORD coords="832,332,906,312" x-confidence="92">can-</WORD>
       </LINE>
       <LINE>
        <WORD coords="217,372,274,346" x-confidence="94">not</WORD>
        <WORD coords="298,373,336,344" x-confidence="96">be</WORD>
        <WORD coords="359,379,516,344" x-confidence="96">expected</WORD>
        <WORD coords="538,375,572,346" x-confidence="96">to</WORD>
        <WORD coords="593,375,674,345" x-confidence="96">have</WORD>
        <WORD coords="698,382,823,346" x-confidence="92">quality</WORD>
        <WORD coords="845,377,906,347" x-confidence="92">cir-</WORD>
       </LINE>
       <LINE>
        <WORD coords="208,415,291,387" x-confidence="86">cles.</WORD>
        <WORD coords="346,422,512,388" x-confidence="91">However,</WORD>
        <WORD coords="538,418,592,388" x-confidence="96">the</WORD>
        <WORD coords="616,424,767,390" x-confidence="92">Industry</WORD>
        <WORD coords="791,420,903,389" x-confidence="91">Minis-</WORD>
       </LINE>
       <LINE>
        <WORD coords="214,458,266,433" x-confidence="96">ter</WORD>
        <WORD coords="286,459,349,431" x-confidence="96">had</WORD>
        <WORD coords="370,465,572,431" x-confidence="95">emphasised</WORD>
        <WORD coords="592,460,647,433" x-confidence="96">the</WORD>
        <WORD coords="668,462,750,434" x-confidence="96">need</WORD>
        <WORD coords="770,461,823,433" x-confidence="95">for</WORD>
        <WORD coords="842,462,906,433" x-confidence="96">SSI</WORD>
       </LINE>
       <LINE>
        <WORD coords="215,503,302,473" x-confidence="96">units</WORD>
        <WORD coords="324,503,356,476" x-confidence="96">to</WORD>
        <WORD coords="377,510,522,473" x-confidence="96">improve</WORD>
        <WORD coords="544,505,598,476" x-confidence="96">the</WORD>
        <WORD coords="619,511,744,476" x-confidence="96">quality</WORD>
        <WORD coords="764,505,799,477" x-confidence="96">of</WORD>
        <WORD coords="820,506,904,477" x-confidence="96">their</WORD>
       </LINE>
       <LINE>
        <WORD coords="210,551,364,517" x-confidence="96">products</WORD>
        <WORD coords="387,546,438,519" x-confidence="95">for</WORD>
        <WORD coords="460,548,567,518" x-confidence="96">which</WORD>
        <WORD coords="588,549,809,519" x-confidence="92">Government</WORD>
        <WORD coords="828,556,902,527" x-confidence="92">pro-</WORD>
       </LINE>
       <LINE>
        <WORD coords="192,590,304,561" x-confidence="35">‘vides</WORD>
        <WORD coords="321,590,450,562" x-confidence="96">various</WORD>
        <WORD coords="469,591,646,562" x-confidence="96">incentives</WORD>
        <WORD coords="663,591,726,562" x-confidence="96">and</WORD>
        <WORD coords="743,593,901,562" x-confidence="96">facilities.</WORD>
       </LINE>
      </PARAGRAPH>
     </REGION>
    </PAGECOLUMN>
    <PAGECOLUMN>
     <REGION>
      <PARAGRAPH>
       <LINE>
        <WORD coords="253,661,304,629" x-confidence="91">(b)</WORD>
        <WORD coords="324,658,427,630" x-confidence="96">There</WORD>
        <WORD coords="445,658,499,638" x-confidence="96">are</WORD>
        <WORD coords="517,658,557,638" x-confidence="96">no</WORD>
        <WORD coords="576,660,707,630" x-confidence="96">District</WORD>
        <WORD coords="726,660,901,631" x-confidence="96">Industries</WORD>
       </LINE>
       <LINE>
        <WORD coords="205,701,346,672" x-confidence="90">Centres</WORD>
        <WORD coords="369,701,402,673" x-confidence="96">in</WORD>
        <WORD coords="425,702,531,672" x-confidence="95">Delhi.</WORD>
       </LINE>
      </PARAGRAPH>
     </REGION>
    </PAGECOLUMN>
    <PAGECOLUMN>
     <REGION>
      <PARAGRAPH>
       <LINE>
        <WORD coords="252,772,299,741" x-confidence="89">(०)</WORD>
        <WORD coords="328,769,394,740" x-confidence="96">The</WORD>
        <WORD coords="421,770,590,740" x-confidence="95">allocation</WORD>
        <WORD coords="617,769,651,743" x-confidence="96">of</WORD>
        <WORD coords="676,775,739,750" x-confidence="96">any</WORD>
        <WORD coords="763,771,839,750" x-confidence="96">area</WORD>
        <WORD coords="863,770,899,751" x-confidence="96">or</WORD>
       </LINE>
       <LINE>
        <WORD coords="204,812,336,783" x-confidence="56">market</WORD>
        <WORD coords="363,812,415,784" x-confidence="96">for</WORD>
        <WORD coords="440,812,494,784" x-confidence="96">the</WORD>
        <WORD coords="521,819,660,784" x-confidence="96">disposal</WORD>
        <WORD coords="687,812,722,785" x-confidence="96">of</WORD>
        <WORD coords="746,820,845,786" x-confidence="95">goods</WORD>
        <WORD coords="870,814,897,786" x-confidence="95">is</WORD>
       </LINE>
       <LINE>
        <WORD coords="205,854,229,834" x-confidence="95">a</WORD>
        <WORD coords="254,856,434,826" x-confidence="93">restrictive</WORD>
        <WORD coords="458,855,550,827" x-confidence="96">trade</WORD>
        <WORD coords="574,862,713,828" x-confidence="95">practice</WORD>
        <WORD coords="738,857,800,828" x-confidence="57">and</WORD>
        <WORD coords="844,857,897,829" x-confidence="69">the</WORD>
       </LINE>
       <LINE>
        <WORD coords="208,898,323,869" x-confidence="91">MRTP</WORD>
        <WORD coords="349,899,558,869" x-confidence="96">Commission</WORD>
        <WORD coords="585,898,610,871" x-confidence="96">is</WORD>
        <WORD coords="636,904,837,872" x-confidence="27">empowered</WORD>
        <WORD coords="863,899,896,873" x-confidence="96">to</WORD>
       </LINE>
       <LINE>
        <WORD coords="206,941,282,913" x-confidence="96">take</WORD>
        <WORD coords="309,949,512,914" x-confidence="96">appropriate</WORD>
        <WORD coords="540,943,645,914" x-confidence="95">action</WORD>
        <WORD coords="670,942,703,914" x-confidence="96">in</WORD>
        <WORD coords="729,949,792,922" x-confidence="96">any</WORD>
        <WORD coords="817,944,895,915" x-confidence="96">such</WORD>
       </LINE>
       <LINE>
        <WORD coords="184,985,279,963" x-confidence="70">‘case</WORD>
        <WORD coords="309,985,343,965" x-confidence="96">as</WORD>
        <WORD coords="370,991,428,964" x-confidence="96">per</WORD>
        <WORD coords="458,986,511,958" x-confidence="45">the</WORD>
        <WORD coords="569,992,748,957" x-confidence="91">provisions</WORD>
        <WORD coords="777,986,813,957" x-confidence="95">of</WORD>
        <WORD coords="839,986,894,958" x-confidence="96">the</WORD>
       </LINE>
       <LINE>
        <WORD coords="163,1034,167,1031" x-confidence="72">_</WORD>
        <WORD coords="199,1028,318,1000" x-confidence="86">MRTP</WORD>
        <WORD coords="341,1034,410,1000" x-confidence="92">Act,</WORD>
        <WORD coords="436,1029,520,1001" x-confidence="0">2969.</WORD>
       </LINE>
      </PARAGRAPH>
      <PARAGRAPH>
       <LINE>
        <WORD coords="202,1074,203,1058" x-confidence="86">॥</WORD>
       </LINE>
       <LINE>
        <WORD coords="454,1110,529,1081" x-confidence="95">Sick</WORD>
        <WORD coords="557,1110,642,1081" x-confidence="95">units</WORD>
       </LINE>
       <LINE>
        <WORD coords="239,1177,302,1150" x-confidence="95">497.</WORD>
        <WORD coords="324,1178,422,1149" x-confidence="90">SHRI</WORD>
        <WORD coords="444,1178,605,1149" x-confidence="91">NIRMAL</WORD>
        <WORD coords="628,1178,833,1150" x-confidence="89">CHATTER-</WORD>
       </LINE>
       <LINE>
        <WORD coords="389,1222,472,1192" x-confidence="78">JEE:</WORD>
       </LINE>
       <LINE>
        <WORD coords="324,1265,420,1235" x-confidence="93">SHRI</WORD>
        <WORD coords="445,1265,570,1235" x-confidence="92">DIPEN</WORD>
        <WORD coords="595,1265,748,1236" x-confidence="91">GHOSH:</WORD>
       </LINE>
       <LINE>
        <WORD coords="305,1300,308,1296" x-confidence="81">-</WORD>
        <WORD coords="323,1310,418,1279" x-confidence="93">SHRI</WORD>
        <WORD coords="446,1308,648,1279" x-confidence="91">SUKOMAL</WORD>
        <WORD coords="674,1309,762,1279" x-confidence="93">SEN:</WORD>
        <WORD coords="795,1311,798,1307" x-confidence="79">.</WORD>
       </LINE>
      </PARAGRAPH>
     </REGION>
    </PAGECOLUMN>
    <PAGECOLUMN>
     <REGION>
      <PARAGRAPH>
       <LINE>
        <WORD coords="236,1377,310,1347" x-confidence="96">Will</WORD>
        <WORD coords="329,1376,382,1348" x-confidence="96">the</WORD>
        <WORD coords="402,1388,549,1347" x-confidence="96">Minister</WORD>
        <WORD coords="568,1376,603,1348" x-confidence="95">of</WORD>
        <WORD coords="621,1376,829,1346" x-confidence="95">INDUSTRY</WORD>
        <WORD coords="848,1376,887,1348" x-confidence="95">be</WORD>
       </LINE>
       <LINE>
        <WORD coords="192,1425,327,1390" x-confidence="93">‘pleased</WORD>
        <WORD coords="350,1419,382,1392" x-confidence="96">to</WORD>
        <WORD coords="405,1419,498,1392" x-confidence="96">state:</WORD>
       </LINE>
      </PARAGRAPH>
     </REGION>
    </PAGECOLUMN>
    <PAGECOLUMN>
     <REGION>
      <PARAGRAPH>
       <LINE>
        <WORD coords="170,1321,202,1298" x-confidence="66">“at</WORD>
       </LINE>
      </PARAGRAPH>
     </REGION>
    </PAGECOLUMN>
    <PAGECOLUMN>
     <REGION>
      <PARAGRAPH>
       <LINE>
        <WORD coords="239,1490,287,1459" x-confidence="95">(a)</WORD>
        <WORD coords="309,1487,381,1458" x-confidence="95">how</WORD>
        <WORD coords="400,1493,497,1465" x-confidence="96">many</WORD>
        <WORD coords="513,1487,582,1458" x-confidence="96">sick</WORD>
        <WORD coords="601,1487,686,1458" x-confidence="95">units</WORD>
        <WORD coords="705,1487,780,1458" x-confidence="96">both</WORD>
        <WORD coords="797,1493,886,1458" x-confidence="96">large</WORD>
       </LINE>
       <LINE>
        <WORD coords="194,1530,261,1502" x-confidence="39">and</WORD>
        <WORD coords="286,1535,489,1501" x-confidence="96">small-scale,</WORD>
        <WORD coords="516,1530,569,1509" x-confidence="95">are</WORD>
        <WORD coords="595,1530,662,1501" x-confidence="96">still</WORD>
        <WORD coords="686,1530,718,1501" x-confidence="96">in</WORD>
        <WORD coords="745,1531,826,1502" x-confidence="95">need</WORD>
        <WORD coords="851,1530,886,1501" x-confidence="95">of</WORD>
       </LINE>
       <LINE>
        <WORD coords="198,1573,369,1545" x-confidence="96">assistance</WORD>
        <WORD coords="395,1573,480,1544" x-confidence="96">from</WORD>
        <WORD coords="504,1572,558,1545" x-confidence="96">the</WORD>
        <WORD coords="585,1574,715,1544" x-confidence="93">Central</WORD>
        <WORD coords="741,1573,884,1545" x-confidence="92">Govern-</WORD>
       </LINE>
       <LINE>
        <WORD coords="198,1616,284,1589" x-confidence="96">ment</WORD>
        <WORD coords="308,1616,373,1587" x-confidence="96">like</WORD>
        <WORD coords="399,1617,583,1588" x-confidence="96">concession</WORD>
        <WORD coords="605,1616,638,1589" x-confidence="96">in</WORD>
        <WORD coords="663,1616,724,1584" x-confidence="96">tax</WORD>
        <WORD coords="743,1616,806,1586" x-confidence="96">and</WORD>
        <WORD coords="830,1617,884,1588" x-confidence="96">the</WORD>
       </LINE>
       <LINE>
        <WORD coords="196,1659,262,1632" x-confidence="96">like</WORD>
        <WORD coords="285,1659,336,1633" x-confidence="96">for</WORD>
        <WORD coords="359,1659,442,1632" x-confidence="96">their</WORD>
        <WORD coords="466,1659,590,1631" x-confidence="96">revival</WORD>
        <WORD coords="613,1659,676,1631" x-confidence="92">and</WORD>
        <WORD coords="698,1659,883,1631" x-confidence="91">rehabilita-</WORD>
       </LINE>
       <LINE>
        <WORD coords="188,1709,272,1675" x-confidence="95">‘tion;</WORD>
       </LINE>
      </PARAGRAPH>
      <PARAGRAPH>
       <LINE>
        <WORD coords="236,1774,286,1743" x-confidence="90">(b)</WORD>
        <WORD coords="318,1771,462,1744" x-confidence="96">whether</WORD>
        <WORD coords="489,1770,578,1744" x-confidence="96">there</WORD>
        <WORD coords="606,1769,631,1743" x-confidence="96">is</WORD>
        <WORD coords="659,1775,719,1750" x-confidence="96">any</WORD>
        <WORD coords="747,1776,824,1742" x-confidence="96">plan</WORD>
        <WORD coords="848,1769,882,1744" x-confidence="96">to</WORD>
       </LINE>
       <LINE>
        <WORD coords="192,1815,312,1787" x-confidence="96">extend</WORD>
        <WORD coords="335,1815,506,1786" x-confidence="96">assistance</WORD>
        <WORD coords="530,1814,562,1787" x-confidence="96">to</WORD>
        <WORD coords="587,1814,673,1786" x-confidence="96">these</WORD>
        <WORD coords="697,1819,794,1785" x-confidence="95">units;</WORD>
        <WORD coords="819,1813,883,1784" x-confidence="95">and</WORD>
       </LINE>
      </PARAGRAPH>
     </REGION>
    </PAGECOLUMN>
    <PAGECOLUMN>
     <REGION>
      <PARAGRAPH>
       <LINE>
        <WORD coords="234,1886,279,1856" x-confidence="88">(c)</WORD>
        <WORD coords="300,1882,373,1856" x-confidence="96">how</WORD>
        <WORD coords="391,1888,487,1863" x-confidence="93">many</WORD>
        <WORD coords="505,1882,646,1854" x-confidence="87">workcrs</WORD>
        <WORD coords="665,1882,717,1861" x-confidence="96">are</WORD>
        <WORD coords="737,1886,880,1853" x-confidence="96">affected,</WORD>
       </LINE>
       <LINE>
        <WORD coords="192,1931,379,1898" x-confidence="96">separately,</WORD>
        <WORD coords="404,1925,455,1898" x-confidence="96">for</WORD>
        <WORD coords="476,1925,554,1898" x-confidence="96">such</WORD>
        <WORD coords="576,1931,664,1898" x-confidence="96">large</WORD>
        <WORD coords="687,1925,749,1897" x-confidence="93">and</WORD>
        <WORD coords="772,1925,880,1896" x-confidence="90">small-</WORD>
       </LINE>
       <LINE>
        <WORD coords="192,1970,274,1941" x-confidence="59">scale</WORD>
        <WORD coords="295,1969,381,1942" x-confidence="95">units</WORD>
        <WORD coords="402,1969,465,1942" x-confidence="96">and</WORD>
        <WORD coords="484,1968,570,1941" x-confidence="96">what</WORD>
        <WORD coords="591,1967,616,1941" x-confidence="93">is</WORD>
        <WORD coords="636,1968,880,1939" x-confidence="90">Government’s</WORD>
       </LINE>
       <LINE>
        <WORD coords="191,2018,392,1991" x-confidence="96">programme</WORD>
        <WORD coords="418,2011,450,1986" x-confidence="96">to</WORD>
        <WORD coords="475,2017,550,1983" x-confidence="95">help</WORD>
        <WORD coords="577,2010,680,1984" x-confidence="94">‘hem?</WORD>
       </LINE>
      </PARAGRAPH>
     </REGION>
    </PAGECOLUMN>
    <PAGECOLUMN>
     <REGION>
      <PARAGRAPH>
       <LINE>
        <WORD coords="230,2093,309,2066" x-confidence="95">THE</WORD>
        <WORD coords="338,2092,535,2064" x-confidence="94">MINISTER</WORD>
        <WORD coords="581,2091,634,2064" x-confidence="94">OF</WORD>
        <WORD coords="662,2091,789,2064" x-confidence="95">STATE</WORD>
        <WORD coords="836,2090,878,2064" x-confidence="94">IN</WORD>
       </LINE>
       <LINE>
        <WORD coords="192,2135,271,2109" x-confidence="96">THE</WORD>
        <WORD coords="329,2135,608,2107" x-confidence="93">DEPARTMENT</WORD>
        <WORD coords="656,2134,708,2107" x-confidence="92">OF</WORD>
        <WORD coords="737,2134,878,2106" x-confidence="90">INDUS-</WORD>
       </LINE>
       <LINE>
        <WORD coords="192,2178,314,2151" x-confidence="93">TRIAL</WORD>
        <WORD coords="340,2177,644,2149" x-confidence="95">DEVELOPMENT</WORD>
        <WORD coords="673,2179,784,2149" x-confidence="91">(SHRI</WORD>
        <WORD coords="827,2175,875,2148" x-confidence="92">M.</WORD>
       </LINE>
       <LINE>
        <WORD coords="191,2223,545,2192" x-confidence="92">ARUNACHALAM):</WORD>
        <WORD coords="578,2223,626,2192" x-confidence="88">(a)</WORD>
        <WORD coords="659,2219,721,2193" x-confidence="93">and</WORD>
        <WORD coords="753,2222,803,2191" x-confidence="91">(9)</WORD>
        <WORD coords="834,2218,879,2192" x-confidence="84">As</WORD>
       </LINE>
       <LINE>
        <WORD coords="188,2270,246,2245" x-confidence="96">per</WORD>
        <WORD coords="274,2264,327,2238" x-confidence="96">the</WORD>
        <WORD coords="356,2264,452,2237" x-confidence="96">latest</WORD>
        <WORD coords="481,2263,688,2235" x-confidence="96">information</WORD>
        <WORD coords="719,2262,877,2233" x-confidence="95">available</WORD>
       </LINE>
       <LINE>
        <WORD coords="187,2306,271,2281" x-confidence="96">from</WORD>
        <WORD coords="290,2311,368,2278" x-confidence="96">RBI,</WORD>
        <WORD coords="389,2305,478,2279" x-confidence="96">there</WORD>
        <WORD coords="498,2305,582,2285" x-confidence="96">were</WORD>
        <WORD coords="603,2304,656,2277" x-confidence="94">545</WORD>
        <WORD coords="676,2310,764,2277" x-confidence="95">large</WORD>
        <WORD coords="783,2307,876,2276" x-confidence="96">scale,</WORD>
       </LINE>
       <LINE>
        <WORD coords="189,2351,260,2323" x-confidence="0">287</WORD>
        <WORD coords="289,2348,430,2321" x-confidence="96">medium</WORD>
        <WORD coords="459,2348,542,2320" x-confidence="95">scale</WORD>
        <WORD coords="572,2347,635,2320" x-confidence="92">and</WORD>
        <WORD coords="663,2347,755,2319" x-confidence="0">9450</WORD>
        <WORD coords="784,2346,878,2317" x-confidence="96">small</WORD>
       </LINE>
       <LINE>
        <WORD coords="187,2392,255,2365" x-confidence="96">sick</WORD>
        <WORD coords="276,2392,446,2363" x-confidence="96">industrial</WORD>
        <WORD coords="467,2391,554,2363" x-confidence="95">units</WORD>
        <WORD coords="575,2389,608,2363" x-confidence="96">in</WORD>
        <WORD coords="628,2390,682,2363" x-confidence="93">the</WORD>
        <WORD coords="705,2390,876,2361" x-confidence="23">cssistance</WORD>
       </LINE>
       <LINE>
        <WORD coords="188,2440,339,2406" x-confidence="96">portfolio</WORD>
        <WORD coords="368,2434,402,2407" x-confidence="96">of</WORD>
        <WORD coords="456,2433,628,2405" x-confidence="92">scheduled</WORD>
        <WORD coords="675,2432,878,2403" x-confidence="92">commercial</WORD>
       </LINE>
       <LINE>
        <WORD coords="191,2476,291,2449" x-confidence="96">banks</WORD>
        <WORD coords="323,2475,356,2457" x-confidence="96">as</WORD>
        <WORD coords="389,2475,420,2451" x-confidence="96">at</WORD>
        <WORD coords="451,2475,504,2449" x-confidence="96">the</WORD>
        <WORD coords="536,2474,597,2448" x-confidence="96">end</WORD>
        <WORD coords="628,2474,661,2447" x-confidence="96">of</WORD>
        <WORD coords="691,2476,877,2446" x-confidence="33">December,</WORD>
       </LINE>
       <LINE>
        <WORD coords="191,2519,275,2491" x-confidence="0">984.</WORD>
        <WORD coords="315,2518,380,2491" x-confidence="95">The</WORD>
        <WORD coords="397,2518,616,2490" x-confidence="96">Government</WORD>
        <WORD coords="633,2516,696,2489" x-confidence="96">and</WORD>
        <WORD coords="710,2516,780,2489" x-confidence="88">RSI</WORD>
        <WORD coords="794,2516,877,2490" x-confidence="96">have</WORD>
       </LINE>
       <LINE>
        <WORD coords="187,2561,268,2536" x-confidence="96">been</WORD>
        <WORD coords="296,2566,510,2533" x-confidence="96">emphasising</WORD>
        <WORD coords="537,2560,577,2541" x-confidence="96">on</WORD>
        <WORD coords="604,2559,656,2533" x-confidence="96">the</WORD>
        <WORD coords="683,2559,786,2531" x-confidence="96">banks</WORD>
        <WORD coords="813,2558,876,2530" x-confidence="96">and</WORD>
       </LINE>
       <LINE>
        <WORD coords="187,2604,337,2576" x-confidence="96">financial</WORD>
        <WORD coords="364,2603,559,2576" x-confidence="96">institutions</WORD>
        <WORD coords="586,2601,618,2577" x-confidence="96">to</WORD>
        <WORD coords="645,2601,738,2574" x-confidence="96">make</WORD>
        <WORD coords="766,2601,876,2573" x-confidence="96">efforts</WORD>
       </LINE>
       <LINE>
        <WORD coords="186,2646,219,2621" x-confidence="96">to</WORD>
        <WORD coords="247,2651,384,2618" x-confidence="94">identify</WORD>
        <WORD coords="411,2645,552,2618" x-confidence="96">sickness</WORD>
        <WORD coords="578,2643,610,2617" x-confidence="95">in</WORD>
        <WORD coords="638,2643,678,2625" x-confidence="95">an</WORD>
        <WORD coords="705,2643,875,2614" x-confidence="62">industrial</WORD>
        <WORD coords="892,2658,897,2632" x-confidence="40">:</WORD>
       </LINE>
       <LINE>
        <WORD coords="186,2688,258,2660" x-confidence="95">unit</WORD>
        <WORD coords="275,2690,308,2664" x-confidence="95">at</WORD>
        <WORD coords="325,2688,378,2661" x-confidence="96">the</WORD>
        <WORD coords="395,2694,546,2660" x-confidence="95">incipient</WORD>
        <WORD coords="564,2693,651,2660" x-confidence="96">stage</WORD>
        <WORD coords="669,2691,765,2658" x-confidence="95">itself,</WORD>
        <WORD coords="783,2691,875,2664" x-confidence="92">carry</WORD>
        <WORD coords="892,2666,896,2660" x-confidence="0">°</WORD>
       </LINE>
      </PARAGRAPH>
     </REGION>
    </PAGECOLUMN>
    <PAGECOLUMN>
     <REGION>
      <PARAGRAPH>
       <LINE x-struct="textfloat">
        <WORD coords="814,200,878,166" x-confidence="80">{28</WORD>
        <WORD coords="894,199,1018,167" x-confidence="93">APRIL</WORD>
        <WORD coords="1037,203,1133,170" x-confidence="0">986]</WORD>
       </LINE>
      </PARAGRAPH>
     </REGION>
    </PAGECOLUMN>
    <PAGECOLUMN>
     <REGION>
      <PARAGRAPH>
       <LINE>
        <WORD coords="937,2683,942,2659" x-confidence="22">Ba</WORD>
        <WORD coords="936,2655,942,2573" x-confidence="4">iS</WORD>
        <WORD coords="938,2567,941,2551" x-confidence="20">oe</WORD>
        <WORD coords="937,2547,942,2486" x-confidence="29">te</WORD>
        <WORD coords="937,2473,942,2432" x-confidence="28">Nr</WORD>
        <WORD coords="938,2405,942,2371" x-confidence="22">Se</WORD>
        <WORD coords="922,2363,950,2348" x-confidence="29">Se</WORD>
        <WORD coords="922,2340,950,2304" x-confidence="39">Sas,</WORD>
        <WORD coords="937,2284,945,2141" x-confidence="30">ees</WORD>
       </LINE>
      </PARAGRAPH>
     </REGION>
    </PAGECOLUMN>
    <PAGECOLUMN>
     <REGION>
      <PARAGRAPH>
       <LINE>
        <WORD coords="1269,199,1301,172" x-confidence="96">to</WORD>
        <WORD coords="1317,204,1488,170" x-confidence="95">Questions</WORD>
        <WORD coords="1641,214,1683,180" x-confidence="83">74</WORD>
       </LINE>
       <LINE>
        <WORD coords="1025,293,1082,266" x-confidence="96">out</WORD>
        <WORD coords="1106,299,1255,265" x-confidence="95">viability</WORD>
        <WORD coords="1280,294,1400,266" x-confidence="96">studies</WORD>
        <WORD coords="1426,295,1490,267" x-confidence="92">and</WORD>
        <WORD coords="1514,296,1610,274" x-confidence="89">nurss</WORD>
        <WORD coords="1635,298,1719,269" x-confidence="96">such</WORD>
       </LINE>
       <LINE>
        <WORD coords="1022,336,1092,306" x-confidence="96">sick</WORD>
        <WORD coords="1106,336,1192,307" x-confidence="96">units</WORD>
        <WORD coords="1207,337,1312,308" x-confidence="96">which</WORD>
        <WORD coords="1328,337,1382,316" x-confidence="96">are</WORD>
        <WORD coords="1398,338,1586,309" x-confidence="90">considered</WORD>
        <WORD coords="1600,345,1714,311" x-confidence="90">poten-</WORD>
       </LINE>
       <LINE>
        <WORD coords="1021,386,1113,350" x-confidence="96">tially</WORD>
        <WORD coords="1135,380,1254,351" x-confidence="94">viable.</WORD>
        <WORD coords="1301,381,1408,352" x-confidence="96">Banks</WORD>
        <WORD coords="1431,382,1494,353" x-confidence="96">and</WORD>
        <WORD coords="1513,383,1710,354" x-confidence="96">institutions</WORD>
       </LINE>
       <LINE>
        <WORD coords="1027,422,1116,394" x-confidence="95">draw</WORD>
        <WORD coords="1147,429,1190,403" x-confidence="90">up</WORD>
        <WORD coords="1222,432,1466,396" x-confidence="25">rehabilitatiory</WORD>
        <WORD coords="1495,431,1714,404" x-confidence="96">programmes</WORD>
       </LINE>
       <LINE>
        <WORD coords="1019,464,1054,437" x-confidence="93">in</WORD>
        <WORD coords="1084,473,1207,440" x-confidence="96">respect</WORD>
        <WORD coords="1235,466,1270,439" x-confidence="96">of</WORD>
        <WORD coords="1299,467,1352,439" x-confidence="93">the</WORD>
        <WORD coords="1381,473,1573,440" x-confidence="92">potentiaily</WORD>
        <WORD coords="1600,469,1709,439" x-confidence="95">viable</WORD>
       </LINE>
       <LINE>
        <WORD coords="1020,510,1107,481" x-confidence="96">units</WORD>
        <WORD coords="1134,510,1176,489" x-confidence="95">on</WORD>
        <WORD coords="1203,510,1223,490" x-confidence="92">a</WORD>
        <WORD coords="1250,511,1463,484" x-confidence="92">case-to-case</WORD>
        <WORD coords="1491,511,1575,482" x-confidence="95">basis</WORD>
        <WORD coords="1601,512,1708,483" x-confidence="96">which</WORD>
       </LINE>
       <LINE>
        <WORD coords="1019,558,1093,531" x-confidence="96">may</WORD>
        <WORD coords="1121,554,1250,525" x-confidence="70">contain</WORD>
        <WORD coords="1308,553,1385,524" x-confidence="91">both</WORD>
        <WORD coords="1413,554,1503,526" x-confidence="95">short</WORD>
        <WORD coords="1531,554,1611,528" x-confidence="95">term</WORD>
        <WORD coords="1642,555,1706,527" x-confidence="96">and</WORD>
       </LINE>
       <LINE>
        <WORD coords="1016,602,1093,567" x-confidence="96">long</WORD>
        <WORD coords="1119,597,1202,570" x-confidence="96">term</WORD>
        <WORD coords="1227,597,1403,576" x-confidence="96">measures.</WORD>
       </LINE>
      </PARAGRAPH>
     </REGION>
    </PAGECOLUMN>
    <PAGECOLUMN>
     <REGION>
      <PARAGRAPH>
       <LINE>
        <WORD coords="1058,669,1105,636" x-confidence="90">(c)</WORD>
        <WORD coords="1136,664,1201,636" x-confidence="95">The</WORD>
        <WORD coords="1230,670,1379,636" x-confidence="95">Ministry</WORD>
        <WORD coords="1407,664,1441,637" x-confidence="96">of</WORD>
        <WORD coords="1468,665,1595,637" x-confidence="95">Labour</WORD>
        <WORD coords="1622,666,1704,638" x-confidence="96">have</WORD>
       </LINE>
       <LINE>
        <WORD coords="1014,707,1175,678" x-confidence="96">informed</WORD>
        <WORD coords="1192,707,1262,679" x-confidence="96">that</WORD>
        <WORD coords="1277,706,1320,687" x-confidence="96">no</WORD>
        <WORD coords="1336,708,1544,678" x-confidence="96">information</WORD>
        <WORD coords="1559,708,1588,680" x-confidence="79">is</WORD>
        <WORD coords="1603,709,1703,678" x-confidence="90">avail-</WORD>
       </LINE>
       <LINE>
        <WORD coords="1015,750,1086,721" x-confidence="96">able</WORD>
        <WORD coords="1102,757,1272,722" x-confidence="96">regarding</WORD>
        <WORD coords="1289,750,1343,722" x-confidence="96">the</WORD>
        <WORD coords="1359,751,1496,722" x-confidence="96">number</WORD>
        <WORD coords="1511,751,1545,723" x-confidence="96">of</WORD>
        <WORD coords="1560,752,1702,722" x-confidence="96">workers</WORD>
       </LINE>
       <LINE>
        <WORD coords="1014,794,1151,763" x-confidence="96">affected</WORD>
        <WORD coords="1175,793,1209,766" x-confidence="96">in</WORD>
        <WORD coords="1234,793,1302,766" x-confidence="96">sick</WORD>
        <WORD coords="1327,794,1425,766" x-confidence="96">units.</WORD>
        <WORD coords="1473,794,1541,765" x-confidence="96">The</WORD>
        <WORD coords="1567,794,1702,766" x-confidence="96">number</WORD>
       </LINE>
       <LINE>
        <WORD coords="1012,835,1048,807" x-confidence="96">of</WORD>
        <WORD coords="1063,837,1206,807" x-confidence="96">workers</WORD>
        <WORD coords="1223,837,1359,808" x-confidence="96">affected</WORD>
        <WORD coords="1376,837,1510,808" x-confidence="96">because</WORD>
        <WORD coords="1527,838,1562,809" x-confidence="96">of</WORD>
        <WORD coords="1577,838,1699,808" x-confidence="95">closure</WORD>
       </LINE>
       <LINE>
        <WORD coords="1013,878,1049,850" x-confidence="96">of</WORD>
        <WORD coords="1074,880,1161,851" x-confidence="96">units</WORD>
        <WORD coords="1185,879,1253,859" x-confidence="96">was</WORD>
        <WORD coords="1278,879,1370,851" x-confidence="96">24045</WORD>
        <WORD coords="1396,885,1511,851" x-confidence="93">during</WORD>
        <WORD coords="1540,885,1620,852" x-confidence="0">985,</WORD>
        <WORD coords="1665,880,1700,859" x-confidence="96">as</WORD>
       </LINE>
       <LINE>
        <WORD coords="1011,927,1069,901" x-confidence="96">per</WORD>
        <WORD coords="1093,923,1149,894" x-confidence="96">the</WORD>
        <WORD coords="1172,929,1290,894" x-confidence="96">figures</WORD>
        <WORD coords="1315,923,1467,894" x-confidence="95">collected</WORD>
        <WORD coords="1493,929,1537,894" x-confidence="95">by</WORD>
        <WORD coords="1560,923,1613,894" x-confidence="93">the</WORD>
        <WORD coords="1639,922,1698,894" x-confidence="91">La-</WORD>
       </LINE>
       <LINE>
        <WORD coords="1011,966,1093,936" x-confidence="91">bour</WORD>
        <WORD coords="1112,967,1253,937" x-confidence="96">Bureau.</WORD>
       </LINE>
      </PARAGRAPH>
     </REGION>
    </PAGECOLUMN>
    <PAGECOLUMN>
     <REGION>
      <PARAGRAPH>
       <LINE>
        <WORD coords="1013,1052,1210,1018" x-confidence="88">Complaints</WORD>
        <WORD coords="1242,1046,1326,1019" x-confidence="94">from</WORD>
        <WORD coords="1357,1046,1534,1018" x-confidence="93">Consumer</WORD>
        <WORD coords="1564,1052,1699,1017" x-confidence="92">Organi-</WORD>
       </LINE>
       <LINE>
        <WORD coords="1285,1089,1405,1060" x-confidence="63">gations</WORD>
       </LINE>
      </PARAGRAPH>
     </REGION>
    </PAGECOLUMN>
    <PAGECOLUMN>
     <REGION>
      <PARAGRAPH>
       <LINE>
        <WORD coords="1043,1159,1106,1131" x-confidence="94">488.</WORD>
        <WORD coords="1133,1159,1229,1130" x-confidence="92">SHRI</WORD>
        <WORD coords="1254,1158,1289,1130" x-confidence="86">R.</WORD>
        <WORD coords="1315,1159,1692,1130" x-confidence="89">MOHANARANGAM:</WORD>
       </LINE>
       <LINE>
        <WORD coords="1005,1202,1080,1173" x-confidence="96">Will</WORD>
        <WORD coords="1106,1202,1160,1174" x-confidence="96">the</WORD>
        <WORD coords="1186,1202,1333,1173" x-confidence="96">Minister</WORD>
        <WORD coords="1359,1202,1394,1173" x-confidence="96">of</WORD>
        <WORD coords="1418,1204,1627,1171" x-confidence="96">INDUSTRY</WORD>
        <WORD coords="1652,1201,1693,1171" x-confidence="96">be</WORD>
       </LINE>
       <LINE>
        <WORD coords="1002,1249,1133,1215" x-confidence="96">pleased</WORD>
        <WORD coords="1155,1246,1187,1219" x-confidence="95">to</WORD>
        <WORD coords="1211,1246,1303,1218" x-confidence="96">state:</WORD>
       </LINE>
      </PARAGRAPH>
     </REGION>
    </PAGECOLUMN>
    <PAGECOLUMN>
     <REGION>
      <PARAGRAPH>
       <LINE>
        <WORD coords="1044,1330,1094,1298" x-confidence="96">(a)</WORD>
        <WORD coords="1112,1327,1256,1298" x-confidence="96">whether</WORD>
        <WORD coords="1270,1327,1360,1298" x-confidence="96">there</WORD>
        <WORD coords="1374,1326,1456,1298" x-confidence="96">have</WORD>
        <WORD coords="1469,1326,1551,1297" x-confidence="92">been</WORD>
        <WORD coords="1564,1327,1692,1303" x-confidence="92">numer-</WORD>
       </LINE>
       <LINE>
        <WORD coords="1003,1369,1061,1348" x-confidence="91">ous</WORD>
        <WORD coords="1087,1375,1277,1340" x-confidence="96">complaints</WORD>
        <WORD coords="1304,1370,1388,1340" x-confidence="96">from</WORD>
        <WORD coords="1413,1370,1544,1340" x-confidence="93">various</WORD>
        <WORD coords="1569,1370,1690,1339" x-confidence="60">Consu-</WORD>
       </LINE>
       <LINE>
        <WORD coords="1001,1412,1072,1391" x-confidence="93">mer</WORD>
        <WORD coords="1096,1421,1532,1382" x-confidence="60">Organisations/voluntary</WORD>
        <WORD coords="1578,1412,1691,1390" x-confidence="55">consu~-</WORD>
       </LINE>
       <LINE>
        <WORD coords="1002,1455,1071,1434" x-confidence="96">mer</WORD>
        <WORD coords="1088,1456,1211,1427" x-confidence="96">forums</WORD>
        <WORD coords="1227,1462,1344,1426" x-confidence="95">during</WORD>
        <WORD coords="1361,1455,1415,1427" x-confidence="96">the</WORD>
        <WORD coords="1431,1455,1495,1426" x-confidence="96">last</WORD>
        <WORD coords="1512,1455,1528,1427" x-confidence="96">3</WORD>
        <WORD coords="1546,1461,1639,1433" x-confidence="95">years</WORD>
        <WORD coords="1657,1455,1691,1429" x-confidence="96">to</WORD>
       </LINE>
       <LINE>
        <WORD coords="1001,1499,1055,1471" x-confidence="96">the</WORD>
        <WORD coords="1080,1499,1174,1469" x-confidence="95">effect</WORD>
        <WORD coords="1200,1499,1269,1470" x-confidence="95">that</WORD>
        <WORD coords="1295,1499,1384,1470" x-confidence="95">there</WORD>
        <WORD coords="1409,1499,1475,1478" x-confidence="95">was</WORD>
        <WORD coords="1499,1499,1540,1477" x-confidence="95">no</WORD>
        <WORD coords="1565,1499,1691,1476" x-confidence="96">avenue</WORD>
       </LINE>
       <LINE>
        <WORD coords="1001,1542,1052,1513" x-confidence="96">for</WORD>
        <WORD coords="1075,1543,1201,1513" x-confidence="96">redress</WORD>
        <WORD coords="1225,1543,1259,1514" x-confidence="93">of</WORD>
        <WORD coords="1283,1548,1518,1513" x-confidence="90">mal-practices</WORD>
        <WORD coords="1542,1542,1605,1512" x-confidence="91">and</WORD>
        <WORD coords="1629,1541,1688,1519" x-confidence="91">un-</WORD>
       </LINE>
       <LINE>
        <WORD coords="1000,1585,1066,1555" x-confidence="96">fair</WORD>
        <WORD coords="1091,1586,1296,1557" x-confidence="95">distribution</WORD>
        <WORD coords="1343,1584,1377,1556" x-confidence="92">of</WORD>
        <WORD coords="1403,1584,1571,1563" x-confidence="33">consumer</WORD>
        <WORD coords="1614,1590,1688,1562" x-confidence="33"> pro-</WORD>
       </LINE>
       <LINE>
        <WORD coords="999,1634,1102,1600" x-confidence="96">ducts;</WORD>
       </LINE>
      </PARAGRAPH>
     </REGION>
    </PAGECOLUMN>
    <PAGECOLUMN>
     <REGION>
      <PARAGRAPH>
       <LINE>
        <WORD coords="1041,1739,1090,1707" x-confidence="93">(b)</WORD>
        <WORD coords="1118,1735,1144,1707" x-confidence="95">if</WORD>
        <WORD coords="1165,1739,1208,1715" x-confidence="95">so,</WORD>
        <WORD coords="1231,1735,1284,1708" x-confidence="95">the</WORD>
        <WORD coords="1308,1740,1393,1708" x-confidence="95">steps</WORD>
        <WORD coords="1416,1734,1514,1706" x-confidence="95">taken</WORD>
        <WORD coords="1537,1738,1579,1705" x-confidence="93">by</WORD>
        <WORD coords="1601,1733,1687,1705" x-confidence="92">Gov-</WORD>
       </LINE>
       <LINE>
        <WORD coords="997,1777,1145,1751" x-confidence="96">ernment</WORD>
        <WORD coords="1166,1777,1197,1752" x-confidence="96">to</WORD>
        <WORD coords="1219,1783,1381,1757" x-confidence="94">empower</WORD>
        <WORD coords="1421,1777,1475,1749" x-confidence="79">the</WORD>
        <WORD coords="1497,1776,1681,1748" x-confidence="88">M.R.T.P.</WORD>
       </LINE>
       <LINE>
        <WORD coords="999,1821,1209,1793" x-confidence="96">Commission</WORD>
        <WORD coords="1238,1820,1318,1792" x-confidence="95">with</WORD>
        <WORD coords="1347,1819,1434,1799" x-confidence="94">more</WORD>
        <WORD coords="1482,1824,1606,1797" x-confidence="61">powers.</WORD>
        <WORD coords="1654,1817,1688,1790" x-confidence="91">to</WORD>
       </LINE>
       <LINE>
        <WORD coords="996,1870,1120,1837" x-confidence="96">protect</WORD>
        <WORD coords="1141,1864,1194,1837" x-confidence="96">the</WORD>
        <WORD coords="1215,1864,1361,1844" x-confidence="96">common</WORD>
        <WORD coords="1381,1868,1465,1842" x-confidence="92">man;</WORD>
        <WORD coords="1489,1862,1552,1834" x-confidence="94">and</WORD>
       </LINE>
      </PARAGRAPH>
     </REGION>
    </PAGECOLUMN>
    <PAGECOLUMN>
     <REGION>
      <PARAGRAPH>
       <LINE>
        <WORD coords="1036,1976,1083,1941" x-confidence="90">(९)</WORD>
        <WORD coords="1112,1971,1257,1941" x-confidence="95">whether</WORD>
        <WORD coords="1306,1971,1524,1941" x-confidence="95">Government</WORD>
        <WORD coords="1548,1974,1684,1947" x-confidence="96">propose</WORD>
       </LINE>
       <LINE>
        <WORD coords="996,2012,1027,1987" x-confidence="96">to</WORD>
        <WORD coords="1053,2018,1146,1986" x-confidence="96">bring</WORD>
        <WORD coords="1171,2013,1257,1993" x-confidence="96">some</WORD>
        <WORD coords="1282,2019,1463,1984" x-confidence="95">legislation</WORD>
        <WORD coords="1488,2011,1521,1985" x-confidence="96">in</WORD>
        <WORD coords="1545,2011,1610,1984" x-confidence="92">this</WORD>
        <WORD coords="1633,2010,1680,1990" x-confidence="83">re-</WORD>
       </LINE>
       <LINE>
        <WORD coords="995,2062,1075,2030" x-confidence="96">gard</WORD>
        <WORD coords="1099,2057,1139,2037" x-confidence="96">on</WORD>
        <WORD coords="1163,2057,1217,2029" x-confidence="96">the</WORD>
        <WORD coords="1242,2056,1323,2028" x-confidence="66">lines</WORD>
        <WORD coords="1370,2055,1404,2027" x-confidence="88">of</WORD>
        <WORD coords="1427,2055,1481,2027" x-confidence="96">the</WORD>
        <WORD coords="1507,2054,1683,2026" x-confidence="96">Consumer</WORD>
       </LINE>
       <LINE>
        <WORD coords="993,2101,1176,2071" x-confidence="96">Protection</WORD>
        <WORD coords="1200,2099,1281,2072" x-confidence="96">Bill?</WORD>
       </LINE>
      </PARAGRAPH>
     </REGION>
    </PAGECOLUMN>
    <PAGECOLUMN>
     <REGION>
      <PARAGRAPH>
       <LINE>
        <WORD coords="1032,2191,1111,2163" x-confidence="96">THE</WORD>
        <WORD coords="1139,2191,1335,2163" x-confidence="95">MINISTER</WORD>
        <WORD coords="1384,2189,1437,2162" x-confidence="96">OF</WORD>
        <WORD coords="1464,2189,1592,2161" x-confidence="96">STATE</WORD>
        <WORD coords="1639,2189,1685,2161" x-confidence="32">IN</WORD>
       </LINE>
       <LINE>
        <WORD coords="993,2246,1074,2219" x-confidence="95">THE</WORD>
        <WORD coords="1123,2246,1402,2218" x-confidence="94">DEPARTMENT</WORD>
        <WORD coords="1460,2245,1513,2218" x-confidence="93">OF</WORD>
        <WORD coords="1541,2244,1683,2215" x-confidence="91">INDUS-</WORD>
       </LINE>
       <LINE>
        <WORD coords="993,2301,1118,2273" x-confidence="96">TRIAL</WORD>
        <WORD coords="1142,2300,1448,2272" x-confidence="92">DEVELOPMENT</WORD>
        <WORD coords="1496,2303,1607,2270" x-confidence="91">(SHRI</WORD>
        <WORD coords="1631,2297,1678,2271" x-confidence="91">M.</WORD>
       </LINE>
       <LINE>
        <WORD coords="994,2357,1347,2327" x-confidence="92">ARUNACHALAM):</WORD>
        <WORD coords="1401,2357,1448,2327" x-confidence="94">(a)</WORD>
        <WORD coords="1478,2353,1510,2327" x-confidence="93">to</WORD>
        <WORD coords="1540,2357,1586,2327" x-confidence="91">(c)</WORD>
        <WORD coords="1615,2352,1680,2325" x-confidence="96">The</WORD>
       </LINE>
       <LINE>
        <WORD coords="995,2410,1107,2382" x-confidence="92">MRTP</WORD>
        <WORD coords="1135,2415,1204,2383" x-confidence="92">Act,</WORD>
        <WORD coords="1233,2409,1303,2381" x-confidence="0">969</WORD>
        <WORD coords="1331,2409,1397,2389" x-confidence="96">was</WORD>
        <WORD coords="1425,2413,1589,2379" x-confidence="79">amended,</WORD>
        <WORD coords="1635,2407,1682,2380" x-confidence="79">ef-</WORD>
       </LINE>
       <LINE>
        <WORD coords="993,2464,1110,2436" x-confidence="96">fective</WORD>
        <WORD coords="1139,2463,1223,2438" x-confidence="93">from</WORD>
        <WORD coords="1280,2469,1411,2434" x-confidence="93">August,</WORD>
        <WORD coords="1443,2468,1523,2436" x-confidence="92">i984,</WORD>
        <WORD coords="1571,2468,1681,2435" x-confidence="92">giving</WORD>
       </LINE>
       <LINE>
        <WORD coords="993,2518,1080,2497" x-confidence="96">more</WORD>
        <WORD coords="1104,2523,1228,2498" x-confidence="96">powers</WORD>
        <WORD coords="1254,2517,1286,2493" x-confidence="95">to</WORD>
        <WORD coords="1310,2517,1364,2491" x-confidence="92">the</WORD>
        <WORD coords="1387,2517,1502,2489" x-confidence="88">MRTP</WORD>
        <WORD coords="1527,2515,1680,2488" x-confidence="91">Commis-</WORD>
       </LINE>
       <LINE>
        <WORD coords="992,2573,1062,2546" x-confidence="95">sion</WORD>
        <WORD coords="1086,2573,1118,2548" x-confidence="96">to</WORD>
        <WORD coords="1142,2573,1216,2545" x-confidence="96">deal</WORD>
        <WORD coords="1238,2572,1319,2545" x-confidence="96">with</WORD>
        <WORD coords="1341,2572,1451,2544" x-confidence="96">unfair</WORD>
        <WORD coords="1475,2571,1565,2543" x-confidence="93">trade</WORD>
        <WORD coords="1589,2576,1680,2549" x-confidence="91">prac-</WORD>
       </LINE>
       <LINE>
        <WORD coords="993,2628,1083,2600" x-confidence="96">tices.</WORD>
        <WORD coords="1133,2627,1182,2600" x-confidence="96">No</WORD>
        <WORD coords="1210,2627,1386,2600" x-confidence="96">Consumer</WORD>
        <WORD coords="1411,2625,1592,2597" x-confidence="21">Protection</WORD>
        <WORD coords="1616,2624,1681,2595" x-confidence="96">Bill</WORD>
       </LINE>
       <LINE>
        <WORD coords="992,2683,1050,2655" x-confidence="96">has</WORD>
        <WORD coords="1078,2683,1160,2656" x-confidence="96">been</WORD>
        <WORD coords="1188,2683,1378,2653" x-confidence="96">introduced</WORD>
        <WORD coords="1405,2681,1439,2653" x-confidence="95">in</WORD>
        <WORD coords="1467,2681,1677,2652" x-confidence="96">Parliament.</WORD>
       </LINE>
      </PARAGRAPH>
     </REGION>
    </PAGECOLUMN>
   </HIDDENTEXT>
  </OBJECT>
  <MAP name="IQ_138_28041986_U497_p73_p74_0000.djvu"/>
 </BODY>
</DjVuXML>
