<?xml version="1.0" encoding="UTF-8"?>
<!DOCTYPE DjVuXML>
<DjVuXML>
 <BODY>
  <OBJECT data="file://localhost/var/tmp/autoclean/derive/rsdebate.nic.in.323157/PQ_138_28041986_U497_p73_p74.djvu" type="image/x.djvu" usemap="PQ_138_28041986_U497_p73_p74_0000.djvu" width="2550" height="3301">
   <PARAM name="PAGE" value="PQ_138_28041986_U497_p73_p74_0000.djvu"/>
   <PARAM name="DPI" value="300"/>
   <HIDDENTEXT>
    <PAGECOLUMN>
     <REGION>
      <PARAGRAPH>
       <LINE>
        <WORD coords="661,315,690,290" x-confidence="49">2B</WORD>
        <WORD coords="814,314,912,291" x-confidence="96">Written</WORD>
        <WORD coords="922,314,1041,291" x-confidence="96">Answers</WORD>
       </LINE>
      </PARAGRAPH>
     </REGION>
    </PAGECOLUMN>
    <PAGECOLUMN>
     <REGION>
      <PARAGRAPH>
       <LINE>
        <WORD coords="620,393,694,367" x-confidence="96">units.</WORD>
        <WORD coords="712,400,750,369" x-confidence="96">By</WORD>
        <WORD coords="767,393,808,367" x-confidence="96">the</WORD>
        <WORD coords="826,400,888,376" x-confidence="96">very</WORD>
        <WORD coords="905,393,992,371" x-confidence="96">nature</WORD>
        <WORD coords="1010,393,1042,368" x-confidence="96">of</WORD>
        <WORD coords="1056,400,1230,368" x-confidence="96">employment</WORD>
        <WORD coords="1248,392,1274,367" x-confidence="95">in</WORD>
       </LINE>
       <LINE>
        <WORD coords="620,433,661,408" x-confidence="96">the</WORD>
        <WORD coords="674,434,722,409" x-confidence="94">SSI</WORD>
        <WORD coords="733,439,808,409" x-confidence="96">units,</WORD>
        <WORD coords="820,441,880,408" x-confidence="96">they</WORD>
        <WORD coords="891,434,984,412" x-confidence="96">cannot</WORD>
        <WORD coords="993,434,1025,409" x-confidence="96">be</WORD>
        <WORD coords="1037,441,1161,409" x-confidence="96">expected</WORD>
        <WORD coords="1172,434,1197,412" x-confidence="96">to</WORD>
        <WORD coords="1208,433,1273,408" x-confidence="96">have</WORD>
       </LINE>
       <LINE>
        <WORD coords="621,481,717,449" x-confidence="96">quality</WORD>
        <WORD coords="731,474,828,449" x-confidence="96">circles.</WORD>
        <WORD coords="845,479,980,450" x-confidence="96">However,</WORD>
        <WORD coords="995,474,1036,448" x-confidence="96">the</WORD>
        <WORD coords="1051,481,1167,449" x-confidence="93">Industry</WORD>
        <WORD coords="1181,474,1273,449" x-confidence="92">Minis-</WORD>
       </LINE>
       <LINE>
        <WORD coords="620,514,657,492" x-confidence="96">ter</WORD>
        <WORD coords="670,514,721,489" x-confidence="96">had</WORD>
        <WORD coords="735,521,898,488" x-confidence="96">emphasised</WORD>
        <WORD coords="912,513,953,489" x-confidence="96">the</WORD>
        <WORD coords="968,514,1034,489" x-confidence="95">need</WORD>
        <WORD coords="1049,513,1089,489" x-confidence="95">for</WORD>
        <WORD coords="1103,514,1151,489" x-confidence="96">SSI</WORD>
        <WORD coords="1165,514,1232,489" x-confidence="96">units</WORD>
        <WORD coords="1248,514,1273,493" x-confidence="97">to</WORD>
       </LINE>
       <LINE>
        <WORD coords="621,562,736,529" x-confidence="96">improve</WORD>
        <WORD coords="764,555,805,530" x-confidence="96">the</WORD>
        <WORD coords="834,562,930,529" x-confidence="95">quality</WORD>
        <WORD coords="958,555,990,530" x-confidence="93">of</WORD>
        <WORD coords="1014,562,1206,530" x-confidence="92">then-products</WORD>
        <WORD coords="1235,555,1274,529" x-confidence="96">for</WORD>
       </LINE>
       <LINE>
        <WORD coords="620,595,705,570" x-confidence="95">which</WORD>
        <WORD coords="762,595,938,570" x-confidence="66">Government</WORD>
        <WORD coords="993,602,1114,570" x-confidence="66">provides</WORD>
        <WORD coords="1171,595,1273,570" x-confidence="55">various</WORD>
       </LINE>
       <LINE>
        <WORD coords="621,635,761,609" x-confidence="96">incentives</WORD>
        <WORD coords="772,634,822,610" x-confidence="96">and</WORD>
        <WORD coords="832,635,959,609" x-confidence="96">facilities.</WORD>
       </LINE>
      </PARAGRAPH>
     </REGION>
    </PAGECOLUMN>
    <PAGECOLUMN>
     <REGION>
      <PARAGRAPH>
       <LINE>
        <WORD coords="660,705,699,673" x-confidence="92">(b)</WORD>
        <WORD coords="727,699,807,674" x-confidence="96">There</WORD>
        <WORD coords="843,698,884,682" x-confidence="96">are</WORD>
        <WORD coords="920,699,953,682" x-confidence="45">no</WORD>
        <WORD coords="960,710,964,669" x-confidence="45">_</WORD>
        <WORD coords="989,699,1094,674" x-confidence="93">District</WORD>
        <WORD coords="1129,699,1266,674" x-confidence="88">Industries</WORD>
       </LINE>
       <LINE>
        <WORD coords="624,738,729,713" x-confidence="96">Centres</WORD>
        <WORD coords="740,737,766,713" x-confidence="96">in</WORD>
        <WORD coords="776,738,860,712" x-confidence="96">Delhi.</WORD>
       </LINE>
      </PARAGRAPH>
     </REGION>
    </PAGECOLUMN>
    <PAGECOLUMN>
     <REGION>
      <PARAGRAPH>
       <LINE>
        <WORD coords="660,808,696,777" x-confidence="91">(c)</WORD>
        <WORD coords="731,801,783,777" x-confidence="96">The</WORD>
        <WORD coords="821,802,958,777" x-confidence="95">allocation</WORD>
        <WORD coords="994,801,1026,777" x-confidence="96">of</WORD>
        <WORD coords="1058,809,1108,785" x-confidence="95">any</WORD>
        <WORD coords="1144,802,1202,785" x-confidence="94">area</WORD>
        <WORD coords="1238,802,1266,785" x-confidence="94">or</WORD>
       </LINE>
       <LINE>
        <WORD coords="610,842,707,817" x-confidence="95">market</WORD>
        <WORD coords="746,842,785,817" x-confidence="96">for</WORD>
        <WORD coords="823,842,864,817" x-confidence="96">the</WORD>
        <WORD coords="903,849,1017,817" x-confidence="96">disposal</WORD>
        <WORD coords="1056,842,1088,817" x-confidence="96">of</WORD>
        <WORD coords="1122,849,1204,816" x-confidence="51">goods</WORD>
        <WORD coords="1244,842,1265,817" x-confidence="51">is</WORD>
       </LINE>
       <LINE>
        <WORD coords="610,882,625,866" x-confidence="35">a</WORD>
        <WORD coords="670,883,810,858" x-confidence="53">restrictive</WORD>
        <WORD coords="857,883,925,858" x-confidence="77">trade</WORD>
        <WORD coords="971,890,1082,857" x-confidence="77">practice</WORD>
        <WORD coords="1129,883,1178,858" x-confidence="15">and</WORD>
        <WORD coords="1224,883,1265,858" x-confidence="85">the</WORD>
       </LINE>
       <LINE>
        <WORD coords="610,922,704,899" x-confidence="91">MRTP</WORD>
        <WORD coords="748,923,925,898" x-confidence="94">Commission</WORD>
        <WORD coords="968,923,989,898" x-confidence="89">is</WORD>
        <WORD coords="1034,930,1196,897" x-confidence="89">empowered</WORD>
        <WORD coords="1239,923,1265,901" x-confidence="91">10</WORD>
       </LINE>
       <LINE>
        <WORD coords="610,964,667,939" x-confidence="93">take</WORD>
        <WORD coords="711,971,869,939" x-confidence="92">appropriate</WORD>
        <WORD coords="913,964,998,939" x-confidence="93">action</WORD>
        <WORD coords="1041,963,1067,939" x-confidence="86">in</WORD>
        <WORD coords="1110,971,1160,947" x-confidence="16">any</WORD>
        <WORD coords="1203,964,1266,939" x-confidence="80">such</WORD>
       </LINE>
       <LINE>
        <WORD coords="611,1004,681,987" x-confidence="92">-case</WORD>
        <WORD coords="724,1004,751,987" x-confidence="93">as</WORD>
        <WORD coords="794,1011,839,987" x-confidence="94">per</WORD>
        <WORD coords="881,1004,922,978" x-confidence="94">the</WORD>
        <WORD coords="964,1011,1110,979" x-confidence="87">provisions</WORD>
        <WORD coords="1153,1004,1185,979" x-confidence="80">of</WORD>
        <WORD coords="1224,1004,1265,978" x-confidence="72">the</WORD>
       </LINE>
       <LINE>
        <WORD coords="610,1043,704,1020" x-confidence="91">MRTP</WORD>
        <WORD coords="714,1049,772,1019" x-confidence="88">Act,</WORD>
        <WORD coords="787,1043,859,1019" x-confidence="96">1969.</WORD>
       </LINE>
      </PARAGRAPH>
     </REGION>
    </PAGECOLUMN>
    <PAGECOLUMN>
     <REGION>
      <PARAGRAPH>
       <LINE>
        <WORD coords="851,1116,914,1091" x-confidence="96">Sick</WORD>
        <WORD coords="923,1116,996,1092" x-confidence="96">units</WORD>
       </LINE>
      </PARAGRAPH>
     </REGION>
    </PAGECOLUMN>
    <PAGECOLUMN>
     <REGION>
      <PARAGRAPH>
       <LINE>
        <WORD coords="648,1179,706,1154" x-confidence="96">497.</WORD>
        <WORD coords="720,1179,797,1154" x-confidence="92">SHRI</WORD>
        <WORD coords="809,1178,946,1154" x-confidence="92">NIRMAL</WORD>
        <WORD coords="957,1179,1182,1154" x-confidence="96">CHATTERJEE:</WORD>
        <WORD coords="1196,1179,1273,1154" x-confidence="96">SHRI</WORD>
       </LINE>
       <LINE>
        <WORD coords="727,1218,827,1195" x-confidence="91">DIPEN</WORD>
        <WORD coords="845,1219,972,1194" x-confidence="91">GHOSH:</WORD>
        <WORD coords="992,1219,1069,1194" x-confidence="88">SHRI</WORD>
        <WORD coords="1102,1219,1273,1194" x-confidence="88">SUKOMAL</WORD>
       </LINE>
       <LINE>
        <WORD coords="728,1260,799,1235" x-confidence="96">SEN:</WORD>
       </LINE>
      </PARAGRAPH>
     </REGION>
    </PAGECOLUMN>
    <PAGECOLUMN>
     <REGION>
      <PARAGRAPH>
       <LINE>
        <WORD coords="646,1323,706,1298" x-confidence="96">Will</WORD>
        <WORD coords="737,1323,778,1298" x-confidence="96">the</WORD>
        <WORD coords="809,1323,928,1297" x-confidence="95">Minister</WORD>
        <WORD coords="958,1323,990,1298" x-confidence="96">of</WORD>
        <WORD coords="1016,1323,1191,1298" x-confidence="88">INDUSTRY</WORD>
        <WORD coords="1222,1323,1254,1298" x-confidence="88">be</WORD>
       </LINE>
       <LINE>
        <WORD coords="608,1370,714,1338" x-confidence="96">pleased</WORD>
        <WORD coords="723,1362,749,1341" x-confidence="96">to</WORD>
        <WORD coords="760,1363,830,1341" x-confidence="96">state:</WORD>
       </LINE>
      </PARAGRAPH>
     </REGION>
    </PAGECOLUMN>
    <PAGECOLUMN>
     <REGION>
      <PARAGRAPH>
       <LINE>
        <WORD coords="644,1431,680,1400" x-confidence="96">(a)</WORD>
        <WORD coords="704,1425,764,1400" x-confidence="96">how</WORD>
        <WORD coords="782,1432,860,1408" x-confidence="96">many</WORD>
        <WORD coords="878,1425,934,1399" x-confidence="96">sick</WORD>
        <WORD coords="951,1425,1018,1400" x-confidence="96">units</WORD>
        <WORD coords="1036,1425,1098,1399" x-confidence="96">both</WORD>
        <WORD coords="1117,1432,1186,1400" x-confidence="96">large</WORD>
        <WORD coords="1205,1425,1255,1400" x-confidence="96">and</WORD>
       </LINE>
       <LINE>
        <WORD coords="603,1470,768,1439" x-confidence="96">small-scale,</WORD>
        <WORD coords="791,1465,832,1448" x-confidence="96">are</WORD>
        <WORD coords="855,1465,906,1439" x-confidence="96">still</WORD>
        <WORD coords="929,1464,955,1440" x-confidence="96">in</WORD>
        <WORD coords="977,1465,1042,1439" x-confidence="96">need</WORD>
        <WORD coords="1065,1465,1096,1440" x-confidence="96">of</WORD>
        <WORD coords="1114,1465,1253,1439" x-confidence="96">assistance</WORD>
       </LINE>
       <LINE>
        <WORD coords="603,1506,670,1481" x-confidence="96">from</WORD>
        <WORD coords="682,1506,723,1480" x-confidence="96">the</WORD>
        <WORD coords="735,1506,838,1480" x-confidence="96">Central</WORD>
        <WORD coords="851,1506,1026,1481" x-confidence="96">Government</WORD>
        <WORD coords="1038,1506,1088,1481" x-confidence="96">like</WORD>
        <WORD coords="1101,1506,1254,1481" x-confidence="96">concession</WORD>
       </LINE>
       <LINE>
        <WORD coords="603,1545,629,1521" x-confidence="95">in</WORD>
        <WORD coords="652,1545,694,1524" x-confidence="95">tax</WORD>
        <WORD coords="718,1545,768,1521" x-confidence="96">and</WORD>
        <WORD coords="792,1546,833,1521" x-confidence="96">the</WORD>
        <WORD coords="858,1546,908,1520" x-confidence="96">like</WORD>
        <WORD coords="934,1546,973,1521" x-confidence="96">for</WORD>
        <WORD coords="997,1546,1061,1521" x-confidence="96">their</WORD>
        <WORD coords="1084,1546,1180,1521" x-confidence="96">revival</WORD>
        <WORD coords="1205,1546,1254,1520" x-confidence="96">and</WORD>
       </LINE>
       <LINE>
        <WORD coords="602,1591,797,1560" x-confidence="96">rehabilitation;</WORD>
       </LINE>
      </PARAGRAPH>
     </REGION>
    </PAGECOLUMN>
    <PAGECOLUMN>
     <REGION>
      <PARAGRAPH>
       <LINE>
        <WORD coords="644,1655,682,1623" x-confidence="92">(b)</WORD>
        <WORD coords="704,1649,818,1624" x-confidence="96">whether</WORD>
        <WORD coords="837,1649,905,1623" x-confidence="96">there</WORD>
        <WORD coords="926,1649,946,1624" x-confidence="96">is</WORD>
        <WORD coords="966,1656,1016,1632" x-confidence="96">any</WORD>
        <WORD coords="1034,1656,1094,1624" x-confidence="96">plan</WORD>
        <WORD coords="1113,1649,1139,1627" x-confidence="96">to</WORD>
        <WORD coords="1159,1649,1252,1624" x-confidence="96">extend</WORD>
       </LINE>
       <LINE>
        <WORD coords="603,1690,742,1665" x-confidence="96">assistance</WORD>
        <WORD coords="752,1689,778,1668" x-confidence="97">to</WORD>
        <WORD coords="789,1690,859,1664" x-confidence="97">these</WORD>
        <WORD coords="869,1695,946,1665" x-confidence="96">units;</WORD>
        <WORD coords="958,1690,1007,1665" x-confidence="96">and</WORD>
       </LINE>
      </PARAGRAPH>
     </REGION>
    </PAGECOLUMN>
    <PAGECOLUMN>
     <REGION>
      <PARAGRAPH>
       <LINE>
        <WORD coords="644,1758,679,1727" x-confidence="90">(c)</WORD>
        <WORD coords="704,1752,764,1727" x-confidence="95">how</WORD>
        <WORD coords="797,1759,874,1735" x-confidence="96">many</WORD>
        <WORD coords="907,1752,1019,1727" x-confidence="94">workers</WORD>
        <WORD coords="1053,1752,1095,1735" x-confidence="90">are</WORD>
        <WORD coords="1128,1757,1248,1726" x-confidence="90">affected,</WORD>
       </LINE>
       <LINE>
        <WORD coords="603,1799,752,1766" x-confidence="96">separately,</WORD>
        <WORD coords="777,1792,817,1767" x-confidence="96">for</WORD>
        <WORD coords="840,1792,903,1767" x-confidence="96">such</WORD>
        <WORD coords="927,1799,995,1766" x-confidence="96">large</WORD>
        <WORD coords="1019,1792,1069,1767" x-confidence="94">and</WORD>
        <WORD coords="1093,1792,1248,1766" x-confidence="94">small-scale</WORD>
       </LINE>
       <LINE>
        <WORD coords="602,1833,669,1808" x-confidence="95">units</WORD>
        <WORD coords="687,1833,737,1807" x-confidence="96">and</WORD>
        <WORD coords="752,1832,820,1807" x-confidence="96">what</WORD>
        <WORD coords="838,1833,858,1808" x-confidence="96">is</WORD>
        <WORD coords="876,1833,1070,1808" x-confidence="96">Government's</WORD>
        <WORD coords="1087,1840,1249,1816" x-confidence="96">programme</WORD>
       </LINE>
       <LINE>
        <WORD coords="603,1873,628,1852" x-confidence="96">to</WORD>
        <WORD coords="638,1880,697,1848" x-confidence="96">help</WORD>
        <WORD coords="708,1873,792,1848" x-confidence="96">them?</WORD>
       </LINE>
      </PARAGRAPH>
     </REGION>
    </PAGECOLUMN>
    <PAGECOLUMN>
     <REGION>
      <PARAGRAPH>
       <LINE>
        <WORD coords="634,1947,700,1924" x-confidence="96">THE</WORD>
        <WORD coords="729,1948,895,1923" x-confidence="96">MINISTER</WORD>
        <WORD coords="924,1948,966,1923" x-confidence="96">OF</WORD>
        <WORD coords="997,1948,1104,1923" x-confidence="96">STATE</WORD>
        <WORD coords="1133,1947,1167,1924" x-confidence="96">IN</WORD>
        <WORD coords="1198,1947,1264,1924" x-confidence="96">THE</WORD>
       </LINE>
       <LINE>
        <WORD coords="598,1986,833,1962" x-confidence="96">DEPARTMENT</WORD>
        <WORD coords="922,1987,965,1962" x-confidence="95">OF</WORD>
        <WORD coords="1054,1987,1264,1962" x-confidence="96">INDUSTRIAL</WORD>
       </LINE>
       <LINE>
        <WORD coords="598,2027,857,2002" x-confidence="96">DEVELOPMENT</WORD>
        <WORD coords="996,2033,1086,2002" x-confidence="96">(SHRI</WORD>
        <WORD coords="1226,2026,1263,2003" x-confidence="92">M.</WORD>
       </LINE>
       <LINE>
        <WORD coords="597,2072,894,2041" x-confidence="18">ARUNACHALAM);:</WORD>
        <WORD coords="916,2072,953,2041" x-confidence="96">(a)</WORD>
        <WORD coords="973,2066,1023,2041" x-confidence="92">and</WORD>
        <WORD coords="1043,2072,1081,2041" x-confidence="92">(b)</WORD>
        <WORD coords="1101,2065,1139,2041" x-confidence="95">As</WORD>
        <WORD coords="1159,2073,1204,2049" x-confidence="95">per</WORD>
        <WORD coords="1223,2066,1264,2040" x-confidence="96">the</WORD>
       </LINE>
       <LINE>
        <WORD coords="598,2106,671,2081" x-confidence="96">latest</WORD>
        <WORD coords="691,2105,856,2081" x-confidence="95">information</WORD>
        <WORD coords="876,2106,1001,2080" x-confidence="96">available</WORD>
        <WORD coords="1022,2106,1089,2081" x-confidence="96">from</WORD>
        <WORD coords="1109,2111,1174,2082" x-confidence="96">RBI,</WORD>
        <WORD coords="1195,2106,1264,2081" x-confidence="96">there</WORD>
       </LINE>
       <LINE>
        <WORD coords="597,2146,665,2129" x-confidence="95">were</WORD>
        <WORD coords="680,2145,729,2121" x-confidence="95">545</WORD>
        <WORD coords="745,2153,813,2121" x-confidence="96">large</WORD>
        <WORD coords="829,2151,905,2121" x-confidence="96">scale,</WORD>
        <WORD coords="924,2146,988,2121" x-confidence="96">1287</WORD>
        <WORD coords="1003,2146,1118,2121" x-confidence="96">medium</WORD>
        <WORD coords="1132,2146,1200,2121" x-confidence="96">scale</WORD>
        <WORD coords="1215,2146,1265,2121" x-confidence="96">and</WORD>
       </LINE>
       <LINE>
        <WORD coords="598,2185,684,2160" x-confidence="94">91450</WORD>
        <WORD coords="716,2185,790,2160" x-confidence="94">small</WORD>
        <WORD coords="821,2185,876,2159" x-confidence="95">sick</WORD>
        <WORD coords="906,2185,1038,2159" x-confidence="95">industrial</WORD>
        <WORD coords="1068,2185,1135,2160" x-confidence="96">units</WORD>
        <WORD coords="1167,2184,1192,2159" x-confidence="62">in</WORD>
        <WORD coords="1223,2185,1264,2160" x-confidence="84">the</WORD>
       </LINE>
       <LINE>
        <WORD coords="598,2225,737,2200" x-confidence="96">assistance</WORD>
        <WORD coords="755,2232,877,2199" x-confidence="96">portfolio</WORD>
        <WORD coords="896,2225,928,2200" x-confidence="96">of</WORD>
        <WORD coords="942,2225,1082,2200" x-confidence="95">scheduled</WORD>
        <WORD coords="1100,2225,1264,2200" x-confidence="96">commercial</WORD>
       </LINE>
       <LINE>
        <WORD coords="597,2265,678,2240" x-confidence="96">banks</WORD>
        <WORD coords="695,2265,722,2248" x-confidence="95">as</WORD>
        <WORD coords="739,2264,763,2244" x-confidence="95">at</WORD>
        <WORD coords="779,2264,821,2240" x-confidence="95">the</WORD>
        <WORD coords="838,2265,887,2239" x-confidence="95">end</WORD>
        <WORD coords="904,2265,936,2240" x-confidence="95">of</WORD>
        <WORD coords="948,2270,1099,2239" x-confidence="96">December,</WORD>
        <WORD coords="1120,2264,1192,2240" x-confidence="96">1984.</WORD>
        <WORD coords="1211,2265,1264,2239" x-confidence="96">The</WORD>
       </LINE>
       <LINE>
        <WORD coords="598,2304,773,2279" x-confidence="96">Government</WORD>
        <WORD coords="788,2304,838,2278" x-confidence="96">and</WORD>
        <WORD coords="854,2303,910,2280" x-confidence="96">RBI</WORD>
        <WORD coords="926,2303,991,2279" x-confidence="96">have</WORD>
        <WORD coords="1007,2304,1073,2279" x-confidence="96">been</WORD>
        <WORD coords="1089,2311,1264,2279" x-confidence="95">emphasising</WORD>
       </LINE>
       <LINE>
        <WORD coords="598,2343,632,2327" x-confidence="96">on</WORD>
        <WORD coords="643,2344,685,2318" x-confidence="96">the</WORD>
        <WORD coords="696,2344,777,2319" x-confidence="96">banks</WORD>
        <WORD coords="790,2344,839,2319" x-confidence="96">and</WORD>
        <WORD coords="851,2344,972,2318" x-confidence="95">financial</WORD>
        <WORD coords="985,2344,1139,2319" x-confidence="96">institutions</WORD>
        <WORD coords="1152,2344,1177,2323" x-confidence="96">to</WORD>
        <WORD coords="1189,2344,1264,2318" x-confidence="96">make</WORD>
       </LINE>
       <LINE>
        <WORD coords="598,2383,687,2358" x-confidence="96">efforts</WORD>
        <WORD coords="705,2383,730,2361" x-confidence="96">to</WORD>
        <WORD coords="749,2390,857,2357" x-confidence="96">identify</WORD>
        <WORD coords="874,2383,989,2358" x-confidence="96">sickness</WORD>
        <WORD coords="1007,2382,1033,2358" x-confidence="96">in</WORD>
        <WORD coords="1050,2382,1082,2366" x-confidence="96">an</WORD>
        <WORD coords="1100,2383,1231,2358" x-confidence="93">industrial</WORD>
        <WORD coords="1250,2382,1262,2358" x-confidence="87">/</WORD>
       </LINE>
       <LINE>
        <WORD coords="597,2422,652,2398" x-confidence="96">unit</WORD>
        <WORD coords="662,2422,686,2401" x-confidence="95">at</WORD>
        <WORD coords="695,2422,737,2398" x-confidence="95">the</WORD>
        <WORD coords="748,2430,870,2398" x-confidence="96">incipient</WORD>
        <WORD coords="881,2430,950,2402" x-confidence="96">stage</WORD>
        <WORD coords="962,2428,1038,2398" x-confidence="96">itself,</WORD>
        <WORD coords="1049,2430,1121,2406" x-confidence="91">carry</WORD>
        <WORD coords="1131,2408,1135,2398" x-confidence="91">'</WORD>
       </LINE>
      </PARAGRAPH>
     </REGION>
    </PAGECOLUMN>
    <PAGECOLUMN>
     <REGION>
      <PARAGRAPH>
       <LINE x-struct="textfloat">
        <WORD coords="1118,314,1164,290" x-confidence="96">128</WORD>
        <WORD coords="1175,314,1276,290" x-confidence="95">APRIL</WORD>
        <WORD coords="1290,314,1355,290" x-confidence="96">1986</WORD>
        <WORD coords="1366,315,1377,291" x-confidence="96">J</WORD>
       </LINE>
      </PARAGRAPH>
     </REGION>
    </PAGECOLUMN>
    <PAGECOLUMN>
     <REGION>
      <PARAGRAPH>
       <LINE>
        <WORD coords="1615,315,1640,294" x-confidence="96">to</WORD>
        <WORD coords="1652,321,1790,290" x-confidence="96">Questions</WORD>
        <WORD coords="1966,315,1998,290" x-confidence="96">74</WORD>
       </LINE>
      </PARAGRAPH>
     </REGION>
    </PAGECOLUMN>
    <PAGECOLUMN>
     <REGION>
      <PARAGRAPH>
       <LINE>
        <WORD coords="1378,397,1422,376" x-confidence="96">out</WORD>
        <WORD coords="1434,405,1550,373" x-confidence="96">viability</WORD>
        <WORD coords="1564,398,1659,373" x-confidence="96">studies</WORD>
        <WORD coords="1673,398,1723,373" x-confidence="93">and</WORD>
        <WORD coords="1735,398,1811,381" x-confidence="93">nursa</WORD>
        <WORD coords="1825,398,1887,372" x-confidence="96">such</WORD>
        <WORD coords="1901,398,1956,373" x-confidence="96">sick</WORD>
        <WORD coords="1968,398,2035,373" x-confidence="97">units</WORD>
       </LINE>
       <LINE>
        <WORD coords="1377,438,1463,412" x-confidence="96">which</WORD>
        <WORD coords="1497,438,1538,421" x-confidence="94">are</WORD>
        <WORD coords="1573,438,1725,413" x-confidence="94">considered</WORD>
        <WORD coords="1758,445,1908,412" x-confidence="95">potentially</WORD>
        <WORD coords="1942,437,2034,412" x-confidence="91">viable.</WORD>
       </LINE>
       <LINE>
        <WORD coords="1378,479,1464,454" x-confidence="96">Banks</WORD>
        <WORD coords="1478,479,1527,453" x-confidence="95">and</WORD>
        <WORD coords="1540,479,1695,454" x-confidence="95">institutions</WORD>
        <WORD coords="1709,478,1778,454" x-confidence="96">draw</WORD>
        <WORD coords="1790,486,1823,462" x-confidence="96">up</WORD>
        <WORD coords="1837,479,2032,453" x-confidence="96">rehabilitation!</WORD>
       </LINE>
       <LINE>
        <WORD coords="1377,526,1552,502" x-confidence="96">programmes</WORD>
        <WORD coords="1581,518,1606,493" x-confidence="96">in</WORD>
        <WORD coords="1634,526,1733,498" x-confidence="96">respect</WORD>
        <WORD coords="1761,518,1793,494" x-confidence="96">of</WORD>
        <WORD coords="1817,518,1858,494" x-confidence="95">the</WORD>
        <WORD coords="1886,526,2036,494" x-confidence="95">potentially</WORD>
       </LINE>
       <LINE>
        <WORD coords="1377,558,1462,533" x-confidence="95">viable</WORD>
        <WORD coords="1472,559,1539,533" x-confidence="96">units</WORD>
        <WORD coords="1551,559,1585,542" x-confidence="96">on</WORD>
        <WORD coords="1595,558,1610,542" x-confidence="93">a</WORD>
        <WORD coords="1620,559,1791,537" x-confidence="91">case-to-case</WORD>
        <WORD coords="1801,559,1870,533" x-confidence="96">basis</WORD>
        <WORD coords="1880,559,1966,533" x-confidence="96">which</WORD>
        <WORD coords="1976,566,2036,542" x-confidence="96">may</WORD>
       </LINE>
       <LINE>
        <WORD coords="1378,600,1480,575" x-confidence="96">contain</WORD>
        <WORD coords="1511,600,1573,575" x-confidence="96">both</WORD>
        <WORD coords="1605,600,1674,575" x-confidence="96">short</WORD>
        <WORD coords="1705,600,1768,579" x-confidence="96">term</WORD>
        <WORD coords="1799,600,1849,574" x-confidence="96">and</WORD>
        <WORD coords="1880,607,1941,575" x-confidence="95">long</WORD>
        <WORD coords="1973,600,2036,579" x-confidence="95">term</WORD>
       </LINE>
       <LINE>
        <WORD coords="1378,640,1514,623" x-confidence="94">measures.</WORD>
       </LINE>
      </PARAGRAPH>
     </REGION>
    </PAGECOLUMN>
    <PAGECOLUMN>
     <REGION>
      <PARAGRAPH>
       <LINE>
        <WORD coords="1414,710,1451,679" x-confidence="92">(c)</WORD>
        <WORD coords="1464,704,1517,679" x-confidence="96">The</WORD>
        <WORD coords="1530,711,1650,679" x-confidence="96">Ministry</WORD>
        <WORD coords="1663,704,1695,678" x-confidence="96">of</WORD>
        <WORD coords="1704,704,1805,679" x-confidence="96">Labour</WORD>
        <WORD coords="1816,704,1882,679" x-confidence="96">have</WORD>
        <WORD coords="1895,704,2023,678" x-confidence="96">informed</WORD>
       </LINE>
       <LINE>
        <WORD coords="1372,744,1424,720" x-confidence="96">that</WORD>
        <WORD coords="1436,745,1469,728" x-confidence="96">no</WORD>
        <WORD coords="1483,745,1648,719" x-confidence="96">information</WORD>
        <WORD coords="1660,745,1681,720" x-confidence="96">is</WORD>
        <WORD coords="1695,745,1820,719" x-confidence="96">available</WORD>
        <WORD coords="1833,752,1967,720" x-confidence="96">regarding</WORD>
        <WORD coords="1979,744,2022,719" x-confidence="95">tlie</WORD>
       </LINE>
       <LINE>
        <WORD coords="1372,785,1479,759" x-confidence="96">number</WORD>
        <WORD coords="1490,785,1522,760" x-confidence="96">of</WORD>
        <WORD coords="1529,785,1641,760" x-confidence="96">workers</WORD>
        <WORD coords="1653,785,1765,759" x-confidence="96">affected</WORD>
        <WORD coords="1777,784,1803,760" x-confidence="96">in</WORD>
        <WORD coords="1815,785,1871,759" x-confidence="96">sick</WORD>
        <WORD coords="1881,785,1956,760" x-confidence="96">units.</WORD>
        <WORD coords="1969,785,2022,760" x-confidence="96">The</WORD>
       </LINE>
       <LINE>
        <WORD coords="1372,825,1479,799" x-confidence="96">number</WORD>
        <WORD coords="1510,825,1541,800" x-confidence="96">of</WORD>
        <WORD coords="1567,825,1680,800" x-confidence="94">workers</WORD>
        <WORD coords="1711,825,1823,799" x-confidence="94">affected</WORD>
        <WORD coords="1853,825,1964,800" x-confidence="96">because</WORD>
        <WORD coords="1995,825,2027,800" x-confidence="95">of</WORD>
       </LINE>
       <LINE>
        <WORD coords="1372,866,1472,841" x-confidence="96">closure</WORD>
        <WORD coords="1490,866,1521,841" x-confidence="96">of</WORD>
        <WORD coords="1533,866,1600,841" x-confidence="96">units</WORD>
        <WORD coords="1617,866,1671,849" x-confidence="95">was</WORD>
        <WORD coords="1688,865,1773,841" x-confidence="95">24045</WORD>
        <WORD coords="1792,873,1883,840" x-confidence="96">during</WORD>
        <WORD coords="1903,871,1976,841" x-confidence="96">1985,</WORD>
        <WORD coords="1995,866,2022,849" x-confidence="96">as</WORD>
       </LINE>
       <LINE>
        <WORD coords="1371,913,1417,889" x-confidence="96">per</WORD>
        <WORD coords="1443,906,1485,881" x-confidence="96">the</WORD>
        <WORD coords="1513,913,1609,881" x-confidence="96">figures</WORD>
        <WORD coords="1637,906,1763,880" x-confidence="96">collected</WORD>
        <WORD coords="1790,913,1825,881" x-confidence="96">by</WORD>
        <WORD coords="1852,905,1893,881" x-confidence="96">the</WORD>
        <WORD coords="1922,906,2023,881" x-confidence="96">Labour</WORD>
       </LINE>
       <LINE>
        <WORD coords="1372,946,1480,922" x-confidence="96">Bureau.</WORD>
       </LINE>
      </PARAGRAPH>
     </REGION>
    </PAGECOLUMN>
    <PAGECOLUMN>
     <REGION>
      <PARAGRAPH>
       <LINE>
        <WORD coords="1595,1020,1668,995" x-confidence="92">from</WORD>
        <WORD coords="1716,1020,1871,997" x-confidence="58">Consumer</WORD>
        <WORD coords="1919,1028,2035,996" x-confidence="58">Organi-</WORD>
       </LINE>
      </PARAGRAPH>
     </REGION>
    </PAGECOLUMN>
    <PAGECOLUMN>
     <REGION>
      <PARAGRAPH>
       <LINE>
        <WORD coords="1631,1060,1733,1036" x-confidence="92">sations</WORD>
       </LINE>
      </PARAGRAPH>
     </REGION>
    </PAGECOLUMN>
    <PAGECOLUMN>
     <REGION>
      <PARAGRAPH>
       <LINE>
        <WORD coords="1402,1125,1461,1101" x-confidence="96">498.</WORD>
        <WORD coords="1478,1126,1555,1101" x-confidence="93">SHRI</WORD>
        <WORD coords="1569,1125,1599,1102" x-confidence="87">R.</WORD>
        <WORD coords="1614,1126,1936,1101" x-confidence="90">MOHANARANGAM:</WORD>
        <WORD coords="1953,1125,2013,1100" x-confidence="95">Will</WORD>
       </LINE>
       <LINE>
        <WORD coords="1367,1166,1408,1140" x-confidence="96">the</WORD>
        <WORD coords="1428,1166,1547,1141" x-confidence="96">Minister</WORD>
        <WORD coords="1566,1165,1598,1141" x-confidence="96">of</WORD>
        <WORD coords="1614,1166,1790,1141" x-confidence="96">INDUSTRY</WORD>
        <WORD coords="1810,1166,1842,1141" x-confidence="96">be</WORD>
        <WORD coords="1862,1173,1968,1141" x-confidence="96">pleased</WORD>
        <WORD coords="1987,1166,2013,1144" x-confidence="96">to</WORD>
       </LINE>
       <LINE>
        <WORD coords="1367,1207,1437,1185" x-confidence="95">state:</WORD>
       </LINE>
      </PARAGRAPH>
     </REGION>
    </PAGECOLUMN>
    <PAGECOLUMN>
     <REGION>
      <PARAGRAPH>
       <LINE>
        <WORD coords="1376,1028,1548,995" x-confidence="95">Complaints</WORD>
       </LINE>
      </PARAGRAPH>
     </REGION>
    </PAGECOLUMN>
    <PAGECOLUMN>
     <REGION>
      <PARAGRAPH>
       <LINE>
        <WORD coords="1398,1287,1435,1256" x-confidence="95">(a)</WORD>
        <WORD coords="1467,1281,1581,1256" x-confidence="95">whether</WORD>
        <WORD coords="1604,1281,1673,1256" x-confidence="95">there</WORD>
        <WORD coords="1696,1280,1762,1256" x-confidence="96">have</WORD>
        <WORD coords="1785,1281,1851,1256" x-confidence="96">been</WORD>
        <WORD coords="1875,1281,2012,1264" x-confidence="96">numerous</WORD>
       </LINE>
       <LINE>
        <WORD coords="1357,1332,1510,1292" x-confidence="96">complaints</WORD>
        <WORD coords="1574,1321,1641,1296" x-confidence="86">from</WORD>
        <WORD coords="1703,1321,1805,1296" x-confidence="33">various</WORD>
        <WORD coords="1869,1321,2013,1296" x-confidence="96">Consumer</WORD>
       </LINE>
       <LINE>
        <WORD coords="1357,1369,1689,1336" x-confidence="90">Organisations/voluntar/</WORD>
        <WORD coords="1733,1362,1869,1345" x-confidence="95">consumer</WORD>
        <WORD coords="1914,1362,2011,1337" x-confidence="87">forums</WORD>
       </LINE>
       <LINE>
        <WORD coords="1357,1409,1448,1377" x-confidence="96">during</WORD>
        <WORD coords="1461,1402,1502,1376" x-confidence="96">the</WORD>
        <WORD coords="1516,1402,1564,1377" x-confidence="95">last</WORD>
        <WORD coords="1577,1401,1590,1377" x-confidence="95">3</WORD>
        <WORD coords="1605,1409,1679,1385" x-confidence="96">years</WORD>
        <WORD coords="1692,1401,1717,1380" x-confidence="96">to</WORD>
        <WORD coords="1731,1402,1772,1377" x-confidence="96">the</WORD>
        <WORD coords="1787,1402,1866,1377" x-confidence="96">effect</WORD>
        <WORD coords="1878,1401,1930,1377" x-confidence="97">that</WORD>
        <WORD coords="1943,1402,2012,1377" x-confidence="96">there</WORD>
       </LINE>
       <LINE>
        <WORD coords="1357,1442,1410,1425" x-confidence="96">was</WORD>
        <WORD coords="1429,1442,1463,1425" x-confidence="96">no</WORD>
        <WORD coords="1483,1441,1580,1425" x-confidence="96">avenue</WORD>
        <WORD coords="1600,1442,1640,1417" x-confidence="96">for</WORD>
        <WORD coords="1658,1442,1756,1416" x-confidence="96">redress</WORD>
        <WORD coords="1776,1441,1808,1417" x-confidence="93">of</WORD>
        <WORD coords="1823,1449,2011,1416" x-confidence="91">mal-practices</WORD>
       </LINE>
       <LINE>
        <WORD coords="1357,1483,1407,1458" x-confidence="96">and</WORD>
        <WORD coords="1416,1483,1500,1458" x-confidence="96">unfair</WORD>
        <WORD coords="1510,1483,1671,1457" x-confidence="96">distribution</WORD>
        <WORD coords="1681,1483,1713,1458" x-confidence="96">of</WORD>
        <WORD coords="1719,1483,1856,1466" x-confidence="96">consumer</WORD>
        <WORD coords="1864,1490,1994,1458" x-confidence="96">products;</WORD>
       </LINE>
      </PARAGRAPH>
     </REGION>
    </PAGECOLUMN>
    <PAGECOLUMN>
     <REGION>
      <PARAGRAPH>
       <LINE>
        <WORD coords="1398,1587,1436,1556" x-confidence="92">(b)</WORD>
        <WORD coords="1468,1580,1492,1556" x-confidence="71">if</WORD>
        <WORD coords="1503,1586,1540,1564" x-confidence="71">so,</WORD>
        <WORD coords="1556,1581,1597,1556" x-confidence="96">the</WORD>
        <WORD coords="1613,1588,1681,1559" x-confidence="96">steps</WORD>
        <WORD coords="1696,1581,1771,1555" x-confidence="96">taken</WORD>
        <WORD coords="1785,1588,1820,1556" x-confidence="96">by</WORD>
        <WORD coords="1834,1581,2009,1556" x-confidence="96">Government</WORD>
       </LINE>
       <LINE>
        <WORD coords="1357,1621,1382,1599" x-confidence="96">to</WORD>
        <WORD coords="1401,1628,1531,1604" x-confidence="96">empower</WORD>
        <WORD coords="1547,1620,1588,1595" x-confidence="93">the</WORD>
        <WORD coords="1606,1621,1734,1597" x-confidence="90">M.R.T.P.</WORD>
        <WORD coords="1754,1621,1930,1595" x-confidence="95">Commission</WORD>
        <WORD coords="1947,1620,2008,1595" x-confidence="96">with</WORD>
       </LINE>
       <LINE>
        <WORD coords="1357,1661,1428,1644" x-confidence="96">more</WORD>
        <WORD coords="1438,1668,1538,1644" x-confidence="96">powers</WORD>
        <WORD coords="1549,1661,1574,1639" x-confidence="97">to</WORD>
        <WORD coords="1585,1668,1682,1640" x-confidence="97">protect</WORD>
        <WORD coords="1693,1661,1734,1635" x-confidence="96">the</WORD>
        <WORD coords="1745,1661,1866,1644" x-confidence="96">common</WORD>
        <WORD coords="1876,1666,1944,1644" x-confidence="96">man;</WORD>
        <WORD coords="1956,1661,2006,1636" x-confidence="96">and</WORD>
       </LINE>
      </PARAGRAPH>
     </REGION>
    </PAGECOLUMN>
    <PAGECOLUMN>
     <REGION>
      <PARAGRAPH>
       <LINE>
        <WORD coords="1398,1767,1434,1736" x-confidence="92">(c)</WORD>
        <WORD coords="1467,1761,1581,1735" x-confidence="95">whether</WORD>
        <WORD coords="1618,1761,1793,1736" x-confidence="95">Government</WORD>
        <WORD coords="1830,1768,1940,1744" x-confidence="77">propose</WORD>
        <WORD coords="1979,1761,2004,1740" x-confidence="81">10</WORD>
       </LINE>
       <LINE>
        <WORD coords="1356,1808,1430,1775" x-confidence="96">bring</WORD>
        <WORD coords="1447,1801,1519,1784" x-confidence="95">some</WORD>
        <WORD coords="1537,1808,1682,1775" x-confidence="96">legislation</WORD>
        <WORD coords="1699,1800,1724,1775" x-confidence="97">in</WORD>
        <WORD coords="1741,1801,1790,1775" x-confidence="96">this</WORD>
        <WORD coords="1807,1808,1897,1776" x-confidence="96">regard</WORD>
        <WORD coords="1913,1801,1947,1784" x-confidence="95">on</WORD>
        <WORD coords="1963,1801,2004,1776" x-confidence="96">the</WORD>
       </LINE>
       <LINE>
        <WORD coords="1358,1842,1421,1817" x-confidence="96">lines</WORD>
        <WORD coords="1432,1841,1465,1816" x-confidence="96">of</WORD>
        <WORD coords="1470,1842,1512,1817" x-confidence="96">the</WORD>
        <WORD coords="1522,1842,1666,1817" x-confidence="96">Consumer</WORD>
        <WORD coords="1676,1842,1820,1817" x-confidence="96">Protection</WORD>
        <WORD coords="1830,1841,1896,1816" x-confidence="96">Bill?</WORD>
       </LINE>
      </PARAGRAPH>
     </REGION>
    </PAGECOLUMN>
    <PAGECOLUMN>
     <REGION>
      <PARAGRAPH>
       <LINE>
        <WORD coords="1391,1925,1458,1902" x-confidence="96">THE</WORD>
        <WORD coords="1483,1926,1649,1901" x-confidence="96">MINISTER</WORD>
        <WORD coords="1674,1926,1717,1901" x-confidence="96">OF</WORD>
        <WORD coords="1744,1926,1851,1901" x-confidence="96">STATE</WORD>
        <WORD coords="1877,1925,1911,1902" x-confidence="94">IN</WORD>
        <WORD coords="1938,1925,2005,1902" x-confidence="94">THE</WORD>
       </LINE>
       <LINE>
        <WORD coords="1356,1975,1591,1951" x-confidence="95">DEPARTMENT</WORD>
        <WORD coords="1671,1976,1714,1951" x-confidence="96">OF</WORD>
        <WORD coords="1795,1976,2004,1951" x-confidence="96">INDUSTRIAL</WORD>
       </LINE>
       <LINE>
        <WORD coords="1356,2027,1615,2002" x-confidence="96">DEVELOPMENT</WORD>
        <WORD coords="1746,2033,1835,2002" x-confidence="96">(SHRI</WORD>
        <WORD coords="1966,2026,2003,2003" x-confidence="92">M.</WORD>
       </LINE>
       <LINE>
        <WORD coords="1356,2083,1652,2052" x-confidence="77">ARUNACHALAM):</WORD>
        <WORD coords="1675,2083,1711,2052" x-confidence="96">(a)</WORD>
        <WORD coords="1732,2077,1758,2055" x-confidence="91">to</WORD>
        <WORD coords="1779,2083,1815,2052" x-confidence="91">(c)</WORD>
        <WORD coords="1837,2077,1889,2051" x-confidence="92">The</WORD>
        <WORD coords="1910,2076,2004,2053" x-confidence="92">MRTP</WORD>
       </LINE>
       <LINE>
        <WORD coords="1356,2133,1413,2103" x-confidence="96">Act,</WORD>
        <WORD coords="1447,2127,1511,2103" x-confidence="96">1969</WORD>
        <WORD coords="1540,2128,1593,2111" x-confidence="96">was</WORD>
        <WORD coords="1623,2133,1757,2102" x-confidence="96">amended,</WORD>
        <WORD coords="1787,2128,1908,2102" x-confidence="94">effective</WORD>
        <WORD coords="1938,2128,2005,2103" x-confidence="94">from</WORD>
       </LINE>
       <LINE>
        <WORD coords="1356,2186,1464,2154" x-confidence="96">August,</WORD>
        <WORD coords="1491,2184,1564,2154" x-confidence="96">1984,</WORD>
        <WORD coords="1588,2186,1676,2153" x-confidence="96">giving</WORD>
        <WORD coords="1698,2179,1769,2162" x-confidence="96">more</WORD>
        <WORD coords="1791,2186,1892,2162" x-confidence="96">powers</WORD>
        <WORD coords="1915,2179,1940,2157" x-confidence="96">to</WORD>
        <WORD coords="1963,2178,2004,2154" x-confidence="96">the</WORD>
       </LINE>
       <LINE>
        <WORD coords="1356,2229,1450,2206" x-confidence="93">MRTP</WORD>
        <WORD coords="1465,2230,1641,2205" x-confidence="95">Commission</WORD>
        <WORD coords="1655,2230,1680,2208" x-confidence="96">to</WORD>
        <WORD coords="1695,2230,1751,2204" x-confidence="96">deal</WORD>
        <WORD coords="1764,2229,1826,2204" x-confidence="96">with</WORD>
        <WORD coords="1839,2230,1923,2205" x-confidence="96">unfair</WORD>
        <WORD coords="1936,2230,2004,2205" x-confidence="96">trade</WORD>
       </LINE>
       <LINE>
        <WORD coords="1355,2288,1487,2256" x-confidence="96">practices.</WORD>
        <WORD coords="1507,2281,1548,2257" x-confidence="96">No</WORD>
        <WORD coords="1567,2281,1711,2256" x-confidence="96">Consumer</WORD>
        <WORD coords="1728,2281,1872,2256" x-confidence="96">Protection</WORD>
        <WORD coords="1890,2280,1941,2256" x-confidence="96">Bill</WORD>
        <WORD coords="1959,2281,2004,2255" x-confidence="96">has</WORD>
       </LINE>
      </PARAGRAPH>
     </REGION>
    </PAGECOLUMN>
    <PAGECOLUMN>
     <REGION>
      <PARAGRAPH>
       <LINE>
        <WORD coords="1355,2331,1421,2306" x-confidence="95">been</WORD>
        <WORD coords="1441,2331,1590,2305" x-confidence="96">introduced</WORD>
        <WORD coords="1600,2330,1626,2306" x-confidence="96">in</WORD>
        <WORD coords="1645,2330,1803,2306" x-confidence="96">Parliament.</WORD>
       </LINE>
      </PARAGRAPH>
     </REGION>
    </PAGECOLUMN>
   </HIDDENTEXT>
  </OBJECT>
  <MAP name="PQ_138_28041986_U497_p73_p74_0000.djvu"/>
 </BODY>
</DjVuXML>
