<?xml version="1.0" encoding="UTF-8"?>
<files>
  <file name="IQ_138_28041986_U497_p73_p74.pdf" source="original">
    <mtime>1762944303</mtime>
    <size>62415</size>
    <md5>d6f15f7d23105b0c392c0f02c261bf9c</md5>
    <crc32>cf2af8eb</crc32>
    <sha1>7e751084ef8a397fbc2fba45725343173a69a83c</sha1>
    <format>Image Container PDF</format>
  </file>
  <file name="IQ_138_28041986_U497_p73_p74_chocr.html.gz" source="derivative">
    <ocr>tesseract 5.3.0-6-g76ae</ocr>
    <ocr_parameters>lang-hin;lang-eng;two-pass-disabled;pass-dpi-disabled;autonomous-mode-disabled;binarisation-method-otsu</ocr_parameters>
    <ocr_module_version>0.0.21</ocr_module_version>
    <ocr_detected_script>Latin</ocr_detected_script>
    <ocr_detected_script_conf>1.0000</ocr_detected_script_conf>
    <ocr_detected_lang>en</ocr_detected_lang>
    <ocr_detected_lang_conf>1.0000</ocr_detected_lang_conf>
    <format>chOCR</format>
    <original>IQ_138_28041986_U497_p73_p74_jp2.zip</original>
    <mtime>1762944394</mtime>
    <size>47567</size>
    <md5>a9cd44d99c93169231b05c6f91c3848d</md5>
    <crc32>25cdab08</crc32>
    <sha1>5fbd32fb2c9d2a1f2bd6402640b2b1417d64cc92</sha1>
  </file>
  <file name="IQ_138_28041986_U497_p73_p74_djvu.txt" source="derivative">
    <format>DjVuTXT</format>
    <original>IQ_138_28041986_U497_p73_p74_djvu.xml</original>
    <mtime>1762944760</mtime>
    <size>3340</size>
    <md5>577def1ea80b9bcf86c3bcc2d7fd03ab</md5>
    <crc32>51b9757f</crc32>
    <sha1>6ccbe3c231dba7cd929e5fd1d336c6c70c9a77a7</sha1>
  </file>
  <file name="IQ_138_28041986_U497_p73_p74_djvu.xml" source="derivative">
    <format>Djvu XML</format>
    <original>IQ_138_28041986_U497_p73_p74_hocr.html</original>
    <mtime>1762944538</mtime>
    <size>44361</size>
    <md5>92b67a3029347bc8e7dde9b2c7ab7f82</md5>
    <crc32>b935f5fc</crc32>
    <sha1>d36123b824408b2e646fd63e8815c33acec15807</sha1>
  </file>
  <file name="IQ_138_28041986_U497_p73_p74_hocr.html" source="derivative">
    <hocr_char_to_word_module_version>1.3.0</hocr_char_to_word_module_version>
    <hocr_char_to_word_hocr_version>1.1.56</hocr_char_to_word_hocr_version>
    <ocr_parameters>lang-hin;lang-eng;two-pass-disabled;pass-dpi-disabled;autonomous-mode-disabled;binarisation-method-otsu</ocr_parameters>
    <ocr_module_version>0.0.21</ocr_module_version>
    <ocr_detected_script>Latin</ocr_detected_script>
    <ocr_detected_script_conf>1.0000</ocr_detected_script_conf>
    <ocr_detected_lang>en</ocr_detected_lang>
    <ocr_detected_lang_conf>1.0000</ocr_detected_lang_conf>
    <format>hOCR</format>
    <original>IQ_138_28041986_U497_p73_p74_chocr.html.gz</original>
    <mtime>1762944447</mtime>
    <size>89776</size>
    <md5>0a1324a993fd0b258f6e6e7ea3f85ada</md5>
    <crc32>8026bd73</crc32>
    <sha1>5ecadc51537f11fb9816cae2e98b8fe47cfef373</sha1>
  </file>
  <file name="IQ_138_28041986_U497_p73_p74_hocr_pageindex.json.gz" source="derivative">
    <hocr_pageindex_module_version>1.1.0</hocr_pageindex_module_version>
    <hocr_pageindex_hocr_version>1.1.56</hocr_pageindex_hocr_version>
    <format>OCR Page Index</format>
    <original>IQ_138_28041986_U497_p73_p74_hocr.html</original>
    <mtime>1762944628</mtime>
    <size>43</size>
    <md5>4d9341689654ae8c12504bd5d1ec9309</md5>
    <crc32>b7037840</crc32>
    <sha1>01c6eab2c3081da4a338a7d18178c583a54c417f</sha1>
  </file>
  <file name="IQ_138_28041986_U497_p73_p74_hocr_searchtext.txt.gz" source="derivative">
    <hocr_fts_text_module_version>1.2.0</hocr_fts_text_module_version>
    <hocr_fts_text_hocr_version>1.1.56</hocr_fts_text_hocr_version>
    <word_conf_0_10>9</word_conf_0_10>
    <word_conf_11_20>1</word_conf_11_20>
    <word_conf_21_30>10</word_conf_21_30>
    <word_conf_31_40>8</word_conf_31_40>
    <word_conf_41_50>1</word_conf_41_50>
    <word_conf_51_60>6</word_conf_51_60>
    <word_conf_61_70>9</word_conf_61_70>
    <word_conf_71_80>8</word_conf_71_80>
    <word_conf_81_90>34</word_conf_81_90>
    <word_conf_91_100>454</word_conf_91_100>
    <format>OCR Search Text</format>
    <original>IQ_138_28041986_U497_p73_p74_hocr.html</original>
    <mtime>1762944654</mtime>
    <size>1640</size>
    <md5>04ac8d0511bf2fcd96b55630059139b3</md5>
    <crc32>25169f32</crc32>
    <sha1>d1f447330a44005269b6046e34559aaab1534cc0</sha1>
  </file>
  <file name="IQ_138_28041986_U497_p73_p74_jp2.zip" source="derivative">
    <format>Single Page Processed JP2 ZIP</format>
    <original>IQ_138_28041986_U497_p73_p74.pdf</original>
    <mtime>1762944377</mtime>
    <size>688866</size>
    <md5>7d580407d73c5bd45e264bbd9aa09924</md5>
    <crc32>fb7ff72c</crc32>
    <sha1>5c01c619e96a1d4510952bc390d941b3c484b46b</sha1>
    <filecount>1</filecount>
  </file>
  <file name="IQ_138_28041986_U497_p73_p74_page_numbers.json" source="derivative">
    <hocr_pagenumber_module_version>1.0.5</hocr_pagenumber_module_version>
    <hocr_pagenumber_hocr_version>1.1.54</hocr_pagenumber_hocr_version>
    <hocr_pagenumber_confidence>0</hocr_pagenumber_confidence>
    <format>Page Numbers JSON</format>
    <original>IQ_138_28041986_U497_p73_p74_hocr.html</original>
    <mtime>1762945387</mtime>
    <size>327</size>
    <md5>79ca05a4dda626c806eca740cdd88227</md5>
    <crc32>bcbcf188</crc32>
    <sha1>e573c0622fb46bf2060775fb3d4c0970a787b15e</sha1>
  </file>
  <file name="IQ_138_28041986_U497_p73_p74_scandata.xml" source="derivative">
    <format>Scandata</format>
    <original>IQ_138_28041986_U497_p73_p74_djvu.xml</original>
    <mtime>1762945389</mtime>
    <size>593</size>
    <md5>63eea65f1d271146f6f6c86827a1a91e</md5>
    <crc32>b089608a</crc32>
    <sha1>57aec4510a2a8bd734d358a275fcf31f6662a173</sha1>
  </file>
  <file name="IQ_138_28041986_U497_p73_p74_text.pdf" source="derivative">
    <pdf_module_version>0.0.25</pdf_module_version>
    <pdf_degraded>invalid-jp2-headers</pdf_degraded>
    <format>Additional Text PDF</format>
    <original>IQ_138_28041986_U497_p73_p74_page_numbers.json</original>
    <mtime>1762946289</mtime>
    <size>140432</size>
    <md5>570350b1eb9aeeb777b71430a50911a7</md5>
    <crc32>d8923144</crc32>
    <sha1>4ae0c3e4abbc10e51ddedad6dceddc7a50e41e0c</sha1>
  </file>
  <file name="PQ_138_28041986_U497_p73_p74.pdf" source="original">
    <mtime>1762944291</mtime>
    <size>97631</size>
    <md5>7886d28c80fe0615820b5316c1ee8226</md5>
    <crc32>7f4cc5dd</crc32>
    <sha1>9a7041e34592eac7feab8e49abc4ab891cf92123</sha1>
    <format>Text PDF</format>
  </file>
  <file name="PQ_138_28041986_U497_p73_p74_chocr.html.gz" source="derivative">
    <ocr>tesseract 5.3.0-6-g76ae</ocr>
    <ocr_parameters>lang-eng;lang-hin;two-pass-disabled;pass-dpi-disabled;autonomous-mode-disabled;binarisation-method-otsu</ocr_parameters>
    <ocr_module_version>0.0.21</ocr_module_version>
    <ocr_detected_script>Latin</ocr_detected_script>
    <ocr_detected_script_conf>1.0000</ocr_detected_script_conf>
    <ocr_detected_lang>en</ocr_detected_lang>
    <ocr_detected_lang_conf>1.0000</ocr_detected_lang_conf>
    <format>chOCR</format>
    <original>PQ_138_28041986_U497_p73_p74_jp2.zip</original>
    <mtime>1762944415</mtime>
    <size>43132</size>
    <md5>945968a74f59e11c922d9e52d71628bd</md5>
    <crc32>dc5dbeb2</crc32>
    <sha1>9540460ba11d497993a04327368af286d41e5247</sha1>
  </file>
  <file name="PQ_138_28041986_U497_p73_p74_djvu.txt" source="derivative">
    <format>DjVuTXT</format>
    <original>PQ_138_28041986_U497_p73_p74_djvu.xml</original>
    <mtime>1762944770</mtime>
    <size>3233</size>
    <md5>7287b7aa5704488f5d85b1755906f2c9</md5>
    <crc32>ca4ea026</crc32>
    <sha1>728bbcb6e5261aea571558d569f36cbf1b6ef54c</sha1>
  </file>
  <file name="PQ_138_28041986_U497_p73_p74_djvu.xml" source="derivative">
    <format>Djvu XML</format>
    <original>PQ_138_28041986_U497_p73_p74_hocr.html</original>
    <mtime>1762944544</mtime>
    <size>42218</size>
    <md5>87980c34ad49448c4da01e820c35ae40</md5>
    <crc32>daad0f30</crc32>
    <sha1>1ff9cd9dc5fc958ff1c28d4f5bf8eb8d5dfccfc3</sha1>
  </file>
  <file name="PQ_138_28041986_U497_p73_p74_hocr.html" source="derivative">
    <hocr_char_to_word_module_version>1.3.0</hocr_char_to_word_module_version>
    <hocr_char_to_word_hocr_version>1.1.56</hocr_char_to_word_hocr_version>
    <ocr_parameters>lang-eng;lang-hin;two-pass-disabled;pass-dpi-disabled;autonomous-mode-disabled;binarisation-method-otsu</ocr_parameters>
    <ocr_module_version>0.0.21</ocr_module_version>
    <ocr_detected_script>Latin</ocr_detected_script>
    <ocr_detected_script_conf>1.0000</ocr_detected_script_conf>
    <ocr_detected_lang>en</ocr_detected_lang>
    <ocr_detected_lang_conf>1.0000</ocr_detected_lang_conf>
    <format>hOCR</format>
    <original>PQ_138_28041986_U497_p73_p74_chocr.html.gz</original>
    <mtime>1762944527</mtime>
    <size>82263</size>
    <md5>0a9345c478aac06705e75ab6ba5542d8</md5>
    <crc32>369e6d72</crc32>
    <sha1>364c15f72f4af1b028d61d40434a5fe16e130ef9</sha1>
  </file>
  <file name="PQ_138_28041986_U497_p73_p74_hocr_pageindex.json.gz" source="derivative">
    <hocr_pageindex_module_version>1.1.0</hocr_pageindex_module_version>
    <hocr_pageindex_hocr_version>1.1.56</hocr_pageindex_hocr_version>
    <format>OCR Page Index</format>
    <original>PQ_138_28041986_U497_p73_p74_hocr.html</original>
    <mtime>1762944707</mtime>
    <size>43</size>
    <md5>45a583e97aab938a54cb08b6871cbd59</md5>
    <crc32>410b823e</crc32>
    <sha1>ae231ab0b7184b208f8d0ecaa946d43a06ab0e10</sha1>
  </file>
  <file name="PQ_138_28041986_U497_p73_p74_hocr_searchtext.txt.gz" source="derivative">
    <hocr_fts_text_module_version>1.2.0</hocr_fts_text_module_version>
    <hocr_fts_text_hocr_version>1.1.56</hocr_fts_text_hocr_version>
    <word_conf_0_10>0</word_conf_0_10>
    <word_conf_11_20>3</word_conf_11_20>
    <word_conf_21_30>0</word_conf_21_30>
    <word_conf_31_40>2</word_conf_31_40>
    <word_conf_41_50>3</word_conf_41_50>
    <word_conf_51_60>6</word_conf_51_60>
    <word_conf_61_70>3</word_conf_61_70>
    <word_conf_71_80>9</word_conf_71_80>
    <word_conf_81_90>23</word_conf_81_90>
    <word_conf_91_100>455</word_conf_91_100>
    <format>OCR Search Text</format>
    <original>PQ_138_28041986_U497_p73_p74_hocr.html</original>
    <mtime>1762944751</mtime>
    <size>1511</size>
    <md5>32baf42eb4af232bf287358796a7b4b0</md5>
    <crc32>33d1e496</crc32>
    <sha1>2f534cfd975f55fe314aeb2ccb9fa65b7d52b91d</sha1>
  </file>
  <file name="PQ_138_28041986_U497_p73_p74_jp2.zip" source="derivative">
    <format>Single Page Processed JP2 ZIP</format>
    <original>PQ_138_28041986_U497_p73_p74.pdf</original>
    <mtime>1762944372</mtime>
    <size>495093</size>
    <md5>f0a986ae57554c69867783e90cec02f1</md5>
    <crc32>4d27fd3f</crc32>
    <sha1>a38e812e020870d426f4f11b2c3c05b6e5377569</sha1>
    <filecount>1</filecount>
  </file>
  <file name="PQ_138_28041986_U497_p73_p74_page_numbers.json" source="derivative">
    <hocr_pagenumber_module_version>1.0.5</hocr_pagenumber_module_version>
    <hocr_pagenumber_hocr_version>1.1.54</hocr_pagenumber_hocr_version>
    <hocr_pagenumber_confidence>0</hocr_pagenumber_confidence>
    <format>Page Numbers JSON</format>
    <original>PQ_138_28041986_U497_p73_p74_hocr.html</original>
    <mtime>1762946236</mtime>
    <size>327</size>
    <md5>79ca05a4dda626c806eca740cdd88227</md5>
    <crc32>bcbcf188</crc32>
    <sha1>e573c0622fb46bf2060775fb3d4c0970a787b15e</sha1>
  </file>
  <file name="PQ_138_28041986_U497_p73_p74_scandata.xml" source="derivative">
    <format>Scandata</format>
    <original>PQ_138_28041986_U497_p73_p74_djvu.xml</original>
    <mtime>1762946237</mtime>
    <size>593</size>
    <md5>3c492aaf74a4fede0effea3d3fc926cf</md5>
    <crc32>c1a94ff9</crc32>
    <sha1>6aa125be89e31ad05b768bfbe6933205029ec6dd</sha1>
  </file>
  <file name="__ia_thumb.jpg" source="original">
    <mtime>1762946310</mtime>
    <size>24026</size>
    <md5>d45a673a3d2a9319e3ecfbe04f3ca00e</md5>
    <crc32>a47e3121</crc32>
    <sha1>e9fca5e894649ca8b334ffbbe3f67e8d6fa549b1</sha1>
    <format>Item Tile</format>
  </file>
  <file name="rsdebate.nic.in.323157_archive.torrent" source="metadata">
    <btih>848aa65229b636a2fcfc1c09b70502ff68ffd248</btih>
    <mtime>1762946311</mtime>
    <size>5876</size>
    <md5>e66835807bb318f7a30ec0b8c6d6452b</md5>
    <crc32>525e681e</crc32>
    <sha1>cc2bdf05f4ebeacbf18cb74f762463cb8f02cc19</sha1>
    <format>Archive BitTorrent</format>
  </file>
  <file name="rsdebate.nic.in.323157_files.xml" source="original">
    <format>Metadata</format>
    <md5>30f544f709033fc683aa2c2bd14e0d18</md5>
    <summation>md5</summation>
  </file>
  <file name="rsdebate.nic.in.323157_meta.sqlite" source="original">
    <mtime>1762944313</mtime>
    <size>28672</size>
    <md5>c77d47b130222ce92c4c670e09503233</md5>
    <crc32>a75f1290</crc32>
    <sha1>dd0e1d48b4477d2363556776fad59c7ec9bc7e15</sha1>
    <format>Metadata</format>
  </file>
  <file name="rsdebate.nic.in.323157_meta.xml" source="original">
    <mtime>1762946292</mtime>
    <size>2722</size>
    <md5>5bc6cd237626997f2135e4b781ebcc42</md5>
    <crc32>52e3628f</crc32>
    <sha1>03d8f3ce9aa4251376bbac95e125d6aecec7ea5f</sha1>
    <format>Metadata</format>
  </file>
</files>
